,date,DJIopen,DJIhigh,DJIlow,DJIclose,DJIadjClose,DJIvolume,SPopen,SPhigh,SPlow,SPclose,SPadjClose,SPvolume,fedFundRate,totalSSRetired,averageSSRetiredPay,totalMaleSSRetired,averageMaleSSRetiredPay,totalFemaleSSRetired,averageFemaleSSRetiredPay,cpi
0,1985-01-01,1277.719971,1305.099976,1266.890015,1286.77002,1286.77002,44450000,167.199997,180.270004,163.360001,179.630005,179.630005,2673710000,8.35,"196,866",$452.13 ,"120,796",$523.47 ,"76,070",$338.85 ,105.7
1,1985-02-01,1276.939941,1307.530029,1263.910034,1284.01001,1284.01001,207300000,179.630005,183.949997,177.75,181.179993,181.179993,2194620000,8.5,"132,364",$431.50 ,"77,248",$511.91 ,"55,116",$318.81 ,106.3
2,1985-03-01,1285.339966,1309.959961,1242.819946,1266.780029,1266.780029,201050000,181.179993,183.889999,176.529999,180.66000400000001,180.66000400000001,2153090000,8.58,"157,043",$431.54 ,"91,422",$508.91 ,"65,621",$323.76 ,106.8
3,1985-04-01,1264.800049,1290.300049,1245.800049,1258.060059,1258.060059,187110000,180.66000400000001,183.610001,177.860001,179.830002,179.830002,1981880000,8.27,"150,053",$427.86 ,"87,247",$505.74 ,"62,806",$319.66 ,107.0
4,1985-05-01,1257.180054,1320.790039,1235.530029,1315.410034,1315.410034,242250000,179.830002,189.979996,178.350006,189.550003,189.550003,2350340000,7.97,"139,229",$427.62 ,"81,120",$505.40 ,"58,109",$319.04 ,107.2
5,1985-06-01,1321.23999,1341.170044,1285.390015,1335.459961,1335.459961,205340000,189.550003,191.850006,185.029999,191.850006,191.850006,2117000000,7.53,"135,741",$428.76 ,"79,096",$506.08 ,"56,645",$320.79 ,107.5
6,1985-07-01,1334.01001,1372.199951,1313.400024,1347.449951,1347.449951,235130000,191.850006,196.070007,189.300003,190.919998,190.919998,2463070000,7.88,"140,585",$435.01 ,"82,251",$510.92 ,"58,334",$327.97 ,107.7
7,1985-08-01,1350.02002,1361.900024,1303.650024,1334.01001,1334.01001,176010000,190.919998,192.169998,186.100006,188.630005,188.630005,1923200000,7.9,"140,224",$428.71 ,"81,719",$506.97 ,"58,505",$319.41 ,107.9
8,1985-09-01,1333.670044,1348.22998,1283.709961,1328.630005,1328.630005,196960000,188.630005,188.800003,179.449997,182.080002,182.080002,1860160000,7.92,"134,566",$426.51 ,"77,609",$505.85 ,"56,957",$318.40 ,108.1
9,1985-10-01,1329.640015,1384.630005,1315.189941,1374.310059,1374.310059,253060000,182.059998,190.149994,181.16000400000001,189.820007,189.820007,2543240000,7.99,"127,886",$426.11 ,"73,983",$506.70 ,"53,903",$315.51 ,108.5
10,1985-11-01,1372.130005,1486.930054,1367.780029,1472.130005,1472.130005,303580000,189.820007,203.399994,189.369995,202.169998,202.169998,2445370000,8.05,"139,363",$425.91 ,"80,206",$506.74 ,"59,157",$316.31 ,109.0
11,1985-12-01,1471.329956,1570.869995,1450.339966,1546.670044,1546.670044,361820000,202.169998,213.080002,200.100006,211.27999900000003,211.27999900000003,2804380000,8.27,"96,570",$443.09 ,"55,407",$530.03 ,"41,163",$326.06 ,109.5
12,1986-01-01,1546.219971,1582.910034,1491.73999,1570.98999,1570.98999,311020000,211.27999900000003,214.57000699999998,202.600006,211.77999900000003,211.77999900000003,2879010000,8.14,"196,252",$473.63 ,"121,068",$549.03 ,"75,184",$352.21 ,109.9
13,1986-02-01,1570.530029,1732.569946,1564.329956,1709.060059,1709.060059,336860000,211.77999900000003,227.919998,210.82000699999998,226.919998,226.919998,2899100000,7.86,"142,638",$451.45 ,"83,484",$534.39 ,"59,154",$334.39 ,109.7
14,1986-03-01,1706.189941,1849.7399899999998,1663.069946,1818.609985,1818.609985,355900000,226.919998,240.11000099999998,222.17999300000002,238.899994,238.899994,3214600000,7.48,"158,242",$452.28 ,"92,300",$535.47 ,"65,942",$335.83 ,109.1
15,1986-04-01,1822.0799559999998,1870.160034,1712.52002,1783.97998,1783.97998,441280000,238.899994,245.47000099999997,226.30000299999998,235.520004,235.520004,3240400000,6.99,"148,795",$450.02 ,"86,544",$533.28 ,"62,251",$334.27 ,108.7
16,1986-05-01,1777.9000239999998,1898.219971,1746.530029,1876.709961,1876.709961,299610000,235.520004,249.190002,232.25999500000003,247.350006,247.350006,2680240000,6.85,"147,127",$451.46 ,"86,229",$533.95 ,"60,898",$334.64 ,109.0
17,1986-06-01,1874.189941,1908.619995,1816.069946,1892.719971,1892.719971,264770000,246.039993,251.809998,238.229996,250.83999599999999,250.83999599999999,2649600000,6.92,"142,200",$450.24 ,"82,964",$532.70 ,"59,236",$334.74 ,109.4
18,1986-07-01,1889.7600100000002,1922.6700440000002,1741.560059,1775.310059,1775.310059,341490000,250.669998,253.19999700000002,233.07000699999998,236.11999500000002,236.11999500000002,3029900000,6.56,"142,411",$455.17 ,"82,826",$537.59 ,"59,585",$340.59 ,109.5
19,1986-08-01,1775.310059,1918.589966,1730.5999760000002,1898.339966,1898.339966,297880000,236.11999500000002,254.24000499999997,231.919998,252.92999300000002,252.92999300000002,2701900000,6.17,"139,943",$449.66 ,"81,303",$533.17 ,"58,640",$333.88 ,109.6
20,1986-09-01,1903.2600100000002,1933.3499760000002,1732.9899899999998,1767.5799559999998,1767.5799559999998,401220000,252.92999300000002,254.13000499999998,228.080002,231.32000699999998,231.32000699999998,3166300000,5.89,"143,152",$446.20 ,"82,692",$531.67 ,"60,460",$329.32 ,110.0
21,1986-10-01,1775.030029,1894.689941,1761.25,1877.709961,1877.709961,399830000,231.32000699999998,244.50999500000003,231.32000699999998,243.979996,243.979996,3016740000,5.85,"132,738",$447.99 ,"76,823",$534.70 ,"55,915",$328.86 ,110.2
22,1986-11-01,1880.619995,1926.459961,1797.0999760000002,1914.22998,1914.22998,365620000,243.97000099999997,249.22000099999997,235.50999500000003,249.22000099999997,249.22000099999997,2940830000,6.04,"141,134",$448.37 ,"81,893",$534.45 ,"59,241",$329.39 ,110.4
23,1986-12-01,1900.1700440000002,1971.7399899999998,1880.47998,1895.949951,1895.949951,404320000,249.22000099999997,254.86999500000002,241.27999900000003,242.169998,242.169998,3260870000,6.91,"99,616",$456.93 ,"57,120",$548.35 ,"42,496",$334.04 ,110.8
24,1987-01-01,1900.589966,2214.570068,1897.359985,2158.040039,2158.040039,536660000,242.169998,280.959991,242.169998,274.079987,274.079987,4040880000,6.43,"199,378",$486.89 ,"121,951",$567.70 ,"77,427",$359.61 ,111.4
25,1987-02-01,2152.97998,2266.449951,2134.419922,2223.98999,2223.98999,428960000,274.079987,287.549988,273.160004,284.200012,284.200012,3485300000,6.1,"137,696",$466.19 ,"80,452",$554.99 ,"57,244",$341.38 ,111.8
26,1987-03-01,2228.209961,2399.570068,2209.080078,2304.689941,2304.689941,440920000,284.170013,302.72000099999997,282.299988,291.700012,291.700012,3965100000,6.13,"150,983",$464.34 ,"87,626",$552.08 ,"63,357",$342.99 ,112.2
27,1987-04-01,2277.1298829999996,2428.409912,2180.540039,2286.360107,2286.360107,561360000,291.589996,303.649994,275.670013,288.359985,288.359985,3931700000,6.37,"141,995",$459.84 ,"81,553",$548.95 ,"60,442",$339.59 ,112.7
28,1987-05-01,2282.23999,2380.77002,2188.530029,2291.570068,2291.570068,476490000,286.98999,298.690002,277.01001,290.100006,290.100006,3417700000,6.85,"140,279",$462.46 ,"81,813",$549.50 ,"58,466",$340.68 ,113.0
29,1987-06-01,2309.6201170000004,2466.040039,2260.6201170000004,2418.530029,2418.530029,422990000,290.119995,310.269989,286.929993,304.0,304.0,3595000000,6.73,"159,470",$462.66 ,"92,595",$548.52 ,"66,875",$343.77 ,113.5
30,1987-07-01,2410.080078,2588.330078,2391.26001,2572.070068,2572.070068,490720000,303.98999,318.850006,302.52999900000003,318.660004,318.660004,3966400000,6.58,"140,281",$469.57 ,"80,973",$557.68 ,"59,308",$349.27 ,113.8
31,1987-08-01,2547.830078,2746.649902,2525.98999,2662.949951,2662.949951,505680000,318.619995,337.890015,314.51001,329.799988,329.799988,4062400000,6.73,"123,915",$462.75 ,"71,578",$550.49 ,"52,337",$342.76 ,114.3
32,1987-09-01,2666.77002,2695.469971,2468.98999,2596.280029,2596.280029,465230000,329.809998,332.179993,308.559998,321.829987,321.829987,3723200000,7.22,"129,785",$460.14 ,"74,430",$550.03 ,"55,355",$339.26 ,114.7
33,1987-10-01,2601.5,2662.3701170000004,1616.209961,1993.530029,1993.530029,829250000,321.829987,328.940002,216.460007,251.789993,251.789993,6094500000,7.29,"131,455",$461.49 ,"75,752",$551.68 ,"55,703",$338.83 ,115.0
34,1987-11-01,1972.6500239999998,2027.52002,1795.2600100000002,1833.550049,1833.550049,436510000,251.729996,257.209991,225.75,230.30000299999998,230.30000299999998,3589530000,6.69,"131,031",$460.94 ,"75,648",$550.33 ,"55,383",$338.84 ,115.4
35,1987-12-01,1860.25,2019.560059,1733.9200440000002,1938.8299559999998,1938.8299559999998,457110000,230.32000699999998,253.350006,221.24000499999997,247.080002,247.080002,3926750000,6.77,"95,448",$484.01 ,"54,697",$580.00 ,"40,751",$355.16 ,115.6
36,1988-01-01,1952.589966,2075.27002,1845.9899899999998,1958.219971,1958.219971,433000000,247.100006,261.77999900000003,240.169998,257.070007,257.070007,3494700000,6.83,"189,685",$514.03 ,"115,370",$601.87 ,"74,315",$377.67 ,116.0
37,1988-02-01,1972.810059,2078.080078,1878.1500239999998,2071.6201170000004,2071.6201170000004,464340000,257.049988,267.820007,247.82000699999998,267.820007,267.820007,3693240000,6.58,"140,419",$488.62 ,"82,014",$582.51 ,"58,405",$356.77 ,116.2
38,1988-03-01,2074.929932,2110.909912,1951.2600100000002,1988.060059,1988.060059,431700000,267.820007,272.640015,256.070007,258.890015,258.890015,4052970000,6.58,"138,268",$485.72 ,"79,904",$578.71 ,"58,364",$358.41 ,116.5
39,1988-04-01,1989.890015,2121.350098,1968.0,2032.3299559999998,2032.3299559999998,413590000,258.890015,272.049988,254.710007,261.329987,261.329987,3260760000,6.87,"146,474",$482.82 ,"84,862",$574.74 ,"61,612",$356.21 ,117.2
40,1988-05-01,2032.160034,2071.949951,1921.5799559999998,2031.119995,2031.119995,405210000,261.359985,263.700012,248.850006,262.160004,262.160004,3231370000,7.09,"134,135",$481.91 ,"77,614",$573.86 ,"56,521",$355.64 ,117.5
41,1988-06-01,2029.339966,2169.100098,2021.339966,2141.709961,2141.709961,486100000,262.160004,276.880005,262.100006,273.5,273.5,4306710000,7.51,"131,476",$484.19 ,"75,966",$576.99 ,"55,510",$357.21 ,118.0
42,1988-07-01,2144.909912,2169.449951,2047.300049,2128.72998,2128.72998,318910000,273.5,276.359985,262.480011,272.019989,272.019989,3338470000,7.75,"139,041",$490.62 ,"80,914",$581.34 ,"58,127",$364.34 ,118.5
43,1988-08-01,2126.23999,2151.850098,1978.660034,2031.6500239999998,2031.6500239999998,367390000,272.02999900000003,274.200012,256.52999900000003,261.519989,261.519989,3327470000,8.01,"130,640",$483.88 ,"75,410",$576.89 ,"55,230",$356.88 ,119.0
44,1988-09-01,2023.109985,2140.290039,1988.439941,2112.909912,2112.909912,331310000,261.519989,274.869995,256.980011,271.910004,271.910004,3059450000,8.19,"135,359",$480.15 ,"77,952",$573.83 ,"57,407",$352.96 ,119.5
45,1988-10-01,2110.77002,2195.060059,2082.330078,2148.649902,2148.649902,387840000,271.890015,283.950012,268.839996,278.97000099999997,278.97000099999997,3415160000,8.3,"139,225",$481.47 ,"80,007",$575.97 ,"59,218",$353.80 ,119.9
46,1988-11-01,2145.090088,2185.98999,2026.6700440000002,2114.51001,2114.51001,332270000,278.97000099999997,280.369995,262.850006,273.700012,273.700012,2822820000,8.35,"139,657",$482.51 ,"80,607",$576.76 ,"59,050",$353.86 ,120.3
47,1988-12-01,2110.949951,2193.75,2075.389893,2168.570068,2168.570068,302480000,273.679993,280.450012,270.47000099999997,277.72000099999997,277.72000099999997,2844900000,8.76,"89,689",$504.88 ,"51,168",$607.02 ,"38,521",$369.20 ,120.7
48,1989-01-01,2163.209961,2350.179932,2127.139893,2342.320068,2342.320068,437810000,277.72000099999997,297.51001,273.809998,297.47000099999997,297.47000099999997,3532220000,9.12,"185,080",$540.07 ,"112,757",$633.02 ,"72,323",$395.16 ,121.2
49,1989-02-01,2334.290039,2369.290039,2232.139893,2258.389893,2258.389893,394580000,297.47000099999997,300.570007,286.26001,288.859985,288.859985,3216280000,9.36,"139,072",$517.40 ,"81,503",$616.77 ,"57,569",$376.71 ,121.6
50,1989-03-01,2267.320068,2351.070068,2234.459961,2293.6201170000004,2293.6201170000004,407630000,288.859985,299.98999,286.459991,294.869995,294.869995,3504530000,9.85,"137,997",$515.29 ,"80,511",$613.42 ,"57,486",$377.87 ,122.2
51,1989-04-01,2296.189941,2433.100098,2282.070068,2418.800049,2418.800049,369260000,294.869995,310.450012,294.350006,309.640015,309.640015,3237250000,9.84,"147,405",$512.43 ,"85,724",$611.36 ,"61,681",$374.94 ,123.1
52,1989-05-01,2402.48999,2521.6298829999996,2356.300049,2480.149902,2480.149902,470970000,309.640015,323.059998,304.059998,320.519989,320.519989,3747320000,9.81,"138,045",$509.50 ,"79,516",$608.48 ,"58,529",$375.03 ,123.7
53,1989-06-01,2477.669922,2544.949951,2412.939941,2440.060059,2440.060059,517370000,320.51001,329.190002,314.380005,317.980011,317.980011,3966590000,9.53,"139,865",$511.21 ,"81,209",$609.15 ,"58,656",$375.61 ,124.1
54,1989-07-01,2448.790039,2668.25,2431.530029,2660.659912,2660.659912,363700000,317.980011,346.079987,317.26001,346.079987,346.079987,3249030000,9.24,"139,155",$519.29 ,"80,973",$615.49 ,"58,182",$385.41 ,124.5
55,1989-08-01,2665.969971,2758.72998,2426.330078,2737.27002,2737.27002,478330000,346.079987,352.730011,339.0,351.450012,351.450012,3949100000,8.99,"130,657",$513.40 ,"75,563",$611.42 ,"55,094",$378.97 ,124.5
56,1989-09-01,2732.330078,2768.23999,2636.780029,2692.820068,2692.820068,365600000,351.450012,354.130005,341.369995,349.149994,349.149994,3035020000,9.02,"139,562",$509.68 ,"80,501",$608.76 ,"59,061",$374.63 ,124.8
57,1989-10-01,2692.820068,2809.080078,2496.929932,2645.080078,2645.080078,546520000,349.149994,360.440002,327.119995,340.359985,340.359985,4012670000,8.84,"128,271",$511.22 ,"73,819",$611.73 ,"54,452",$374.97 ,125.4
58,1989-11-01,2640.570068,2718.219971,2563.110107,2706.27002,2706.27002,360280000,340.359985,346.5,330.910004,345.98999,345.98999,3032160000,8.55,"138,091",$514.78 ,"80,122",$615.41 ,"57,969",$375.70 ,125.9
59,1989-12-01,2712.669922,2784.77002,2658.699951,2753.199951,2753.199951,371300000,346.01001,354.100006,339.630005,353.399994,353.399994,3213420000,8.45,"93,544",$538.70 ,"53,695",$647.50 ,"39,849",$392.10 ,126.3
60,1990-01-01,2748.719971,2834.040039,2513.060059,2590.540039,2590.540039,474840000,353.399994,360.589996,319.829987,329.079987,329.079987,3793250000,8.23,"186,782",$576.45 ,"114,146",$675.85 ,"72,636",$420.25 ,127.5
61,1990-02-01,2594.139893,2674.320068,2540.98999,2627.25,2627.25,354130000,329.079987,336.089996,322.100006,331.890015,331.890015,2961970000,8.24,"137,756",$550.39 ,"81,028",$655.66 ,"56,728",$400.04 ,128.0
62,1990-03-01,2621.6201170000004,2775.0,2607.8798829999996,2707.209961,2707.209961,428150000,331.890015,344.48999,331.079987,339.940002,339.940002,3283280000,8.28,"173,635",$553.41 ,"101,815",$657.71 ,"71,820",$405.54 ,128.6
63,1990-04-01,2684.01001,2793.469971,2627.699951,2656.76001,2656.76001,322230000,339.940002,347.299988,327.76001,330.799988,330.799988,2801220000,8.26,"118,857",$538.43 ,"68,469",$645.48 ,"50,388",$392.97 ,128.9
64,1990-05-01,2668.459961,2908.209961,2651.350098,2876.659912,2876.659912,438950000,330.799988,362.26001,330.799988,361.230011,361.230011,3596680000,8.18,"141,149",$544.90 ,"82,065",$648.61 ,"59,084",$400.85 ,129.1
65,1990-06-01,2900.969971,2956.929932,2821.530029,2880.689941,2880.689941,431010000,361.26001,368.77999900000003,351.230011,358.019989,358.019989,3226280000,8.29,"142,728",$547.56 ,"83,457",$651.30 ,"59,271",$401.47 ,129.9
66,1990-07-01,2883.169922,3024.26001,2833.169922,2905.199951,2905.199951,422380000,358.019989,369.77999900000003,350.089996,356.149994,356.149994,3373540000,8.15,"138,287",$554.00 ,"80,332",$656.07 ,"57,955",$412.51 ,130.5
67,1990-08-01,2909.899902,2931.189941,2459.409912,2614.360107,2614.360107,591380000,356.149994,357.350006,306.179993,322.559998,322.559998,4020730000,8.13,"131,644",$544.71 ,"76,384",$648.99 ,"55,260",$400.55 ,131.6
68,1990-09-01,2590.840088,2665.350098,2367.820068,2452.47998,2452.47998,362900000,322.559998,326.52999900000003,295.980011,306.049988,306.049988,2687280000,8.2,"135,907",$541.91 ,"78,454",$647.44 ,"57,453",$397.82 ,132.5
69,1990-10-01,2474.25,2565.350098,2344.310059,2442.330078,2442.330078,483000000,306.100006,319.690002,294.51001,304.0,304.0,3671900000,8.11,"128,306",$544.70 ,"74,814",$648.77 ,"53,492",$399.15 ,133.4
70,1990-11-01,2441.830078,2581.189941,2415.590088,2559.649902,2559.649902,383280000,303.98999,323.019989,301.609985,322.22000099999997,322.22000099999997,3149770000,7.81,"142,776",$547.37 ,"83,644",$652.50 ,"59,132",$398.66 ,133.7
71,1990-12-01,2572.27002,2662.6201170000004,2534.649902,2633.659912,2633.659912,358840000,322.230011,333.980011,321.97000099999997,330.22000099999997,330.22000099999997,3116830000,7.31,"86,927",$559.32 ,"49,627",$672.07 ,"37,300",$409.30 ,134.2
72,1991-01-01,2627.22998,2747.280029,2447.030029,2736.389893,2736.389893,463830000,330.200012,343.929993,309.350006,343.929993,343.929993,3660240000,6.91,"190,513",$611.05 ,"117,269",$715.87 ,"73,244",$443.23 ,134.7
73,1991-02-01,2735.389893,2955.199951,2694.310059,2882.179932,2882.179932,538640000,343.910004,370.959991,340.369995,367.070007,367.070007,4303170000,6.25,"138,509",$586.04 ,"82,597",$696.38 ,"55,912",$423.03 ,134.8
74,1991-03-01,2859.649902,3017.820068,2829.209961,2913.860107,2913.860107,466850000,367.070007,379.660004,363.730011,375.22000099999997,375.22000099999997,3927920000,6.12,"157,955",$585.31 ,"93,433",$694.94 ,"64,522",$426.55 ,134.8
75,1991-04-01,2901.97998,3030.449951,2848.51001,2887.8701170000004,2887.8701170000004,462060000,375.22000099999997,391.26001,370.269989,375.339996,375.339996,4017200000,5.91,"164,212",$573.90 ,"95,666",$684.78 ,"68,546",$419.15 ,135.1
76,1991-05-01,2901.47998,3044.5,2834.530029,3027.5,3027.5,427100000,375.350006,389.850006,365.829987,389.829987,389.829987,3739700000,5.78,"140,623",$577.08 ,"82,800",$685.25 ,"57,823",$422.19 ,135.6
77,1991-06-01,3023.030029,3057.469971,2879.25,2906.75,2906.75,384160000,389.809998,389.809998,367.980011,371.160004,371.160004,3258730000,5.9,"134,779",$575.08 ,"79,044",$683.14 ,"55,735",$421.83 ,136.0
78,1991-07-01,2925.540039,3039.580078,2897.360107,3024.820068,3024.820068,368370000,371.179993,387.809998,370.920013,387.809998,387.809998,3481570000,5.82,"140,073",$587.08 ,"82,504",$693.56 ,"57,569",$434.48 ,136.2
79,1991-08-01,3022.800049,3068.649902,2836.310059,3043.600098,3043.600098,424680000,387.809998,396.820007,374.089996,395.429993,395.429993,3713820000,5.66,"132,929",$575.81 ,"77,535",$685.31 ,"55,394",$422.55 ,136.6
80,1991-09-01,3042.040039,3066.639893,2963.100098,3016.77002,3016.77002,372770000,395.429993,397.619995,382.769989,387.859985,387.859985,3260990000,5.45,"136,744",$577.77 ,"80,234",$686.33 ,"56,510",$423.64 ,137.0
81,1991-10-01,3026.159912,3091.01001,2925.540039,3069.100098,3069.100098,453990000,387.859985,393.809998,376.109985,392.450012,392.450012,4082380000,5.21,"123,179",$576.99 ,"72,088",$687.30 ,"51,091",$421.34 ,137.2
82,1991-11-01,3075.360107,3091.909912,2861.139893,2894.679932,2894.679932,386040000,392.459991,398.22000099999997,371.630005,375.22000099999997,375.22000099999997,3737620000,4.81,"138,649",$582.47 ,"81,881",$692.13 ,"56,768",$424.30 ,137.8
83,1991-12-01,2866.280029,3204.610107,2832.290039,3168.830078,3168.830078,455170000,375.109985,418.320007,371.359985,417.089996,417.089996,4155310000,4.43,"97,181",$592.77 ,"56,290",$709.49 ,"40,891",$432.09 ,138.2
84,1992-01-01,3152.100098,3299.189941,3139.310059,3223.399902,3223.399902,561160000,417.02999900000003,421.17999299999997,408.640015,408.77999900000003,408.77999900000003,5286280000,4.03,"203,608",$637.03 ,"123,935",$747.92 ,"79,673",$464.54 ,138.3
85,1992-02-01,3223.399902,3293.3798829999996,3207.959961,3267.699951,3267.699951,411150000,408.790009,418.079987,406.339996,412.700012,412.700012,4267610000,4.06,"153,679",$613.22 ,"90,874",$728.79 ,"62,805",$446.01 ,138.6
86,1992-03-01,3267.699951,3299.639893,3188.280029,3235.5,3235.5,402410000,412.679993,413.77999900000003,401.940002,403.690002,403.690002,4066240000,3.98,"157,501",$609.96 ,"92,197",$724.95 ,"65,304",$447.63 ,139.1
87,1992-04-01,3235.5,3366.5,3161.22998,3359.100098,3359.100098,458300000,403.670013,416.27999900000003,392.410004,414.950012,414.950012,4315840000,3.73,"143,752",$600.86 ,"84,013",$715.56 ,"59,739",$439.55 ,139.4
88,1992-05-01,3359.100098,3440.669922,3324.02002,3396.899902,3396.899902,388240000,414.950012,418.75,409.850006,415.350006,415.350006,3643980000,3.82,"141,176",$601.26 ,"82,769",$713.43 ,"58,407",$442.31 ,139.7
89,1992-06-01,3396.899902,3422.280029,3254.050049,3318.5,3318.5,475360000,415.350006,417.299988,399.920013,408.140015,408.140015,4259830000,3.76,"135,729",$601.90 ,"79,486",$714.38 ,"56,243",$442.93 ,140.1
90,1992-07-01,3318.800049,3402.959961,3266.530029,3393.8000490000004,3393.8000490000004,449770000,408.200012,424.799988,407.200012,424.209991,424.209991,4265220000,3.25,"143,393",$611.78 ,"84,114",$722.41 ,"59,279",$454.79 ,140.5
91,1992-08-01,3393.8000490000004,3399.98999,3207.100098,3257.399902,3257.399902,363380000,424.19000199999994,425.14001500000006,408.299988,414.02999900000003,414.02999900000003,3653820000,3.3,"137,222",$601.25 ,"79,902",$714.48 ,"57,320",$443.40 ,140.8
92,1992-09-01,3257.399902,3376.48999,3242.76001,3271.699951,3271.699951,436570000,414.02999900000003,425.26998899999995,412.709991,417.799988,417.799988,4023850000,3.22,"129,401",$600.32 ,"75,345",$714.20 ,"54,056",$441.58 ,141.1
93,1992-10-01,3271.699951,3280.850098,3095.790039,3226.300049,3226.300049,530760000,417.799988,421.160004,396.799988,418.679993,418.679993,4507010000,3.1,"131,903",$600.63 ,"77,452",$713.33 ,"54,451",$440.32 ,141.7
94,1992-11-01,3226.300049,3308.409912,3184.669922,3305.199951,3305.199951,452340000,418.660004,431.92999299999997,415.579987,431.35000599999995,431.35000599999995,4148770000,3.09,"133,767",$600.78 ,"78,118",$714.83 ,"55,649",$440.69 ,142.1
95,1992-12-01,3305.199951,3352.709961,3248.159912,3301.110107,3301.110107,510650000,431.35000599999995,442.64999400000005,428.60998499999994,435.709991,435.709991,4876150000,2.92,"96,818",$620.66 ,"56,124",$740.86 ,"40,694",$454.89 ,142.3
96,1993-01-01,3301.100098,3320.830078,3231.949951,3310.0,3310.0,620010000,435.700012,442.660004,426.880005,438.77999900000003,438.77999900000003,5280850000,3.02,"203,411",$662.34 ,"123,558",$775.52 ,"79,853",$487.23 ,142.8
97,1993-02-01,3310.0,3456.7299799999996,3266.800049,3370.8100590000004,3370.8100590000004,577510000,438.77999900000003,450.040009,428.25,443.380005,443.380005,5442450000,3.03,"146,453",$634.64 ,"86,308",$753.06 ,"60,145",$464.70 ,143.1
98,1993-03-01,3370.8000490000004,3482.1201170000004,3343.26001,3435.110107,3435.110107,586100000,443.380005,456.76000999999997,441.07000700000003,451.670013,451.670013,5766950000,3.07,"151,840",$631.57 ,"88,851",$748.61 ,"62,989",$466.47 ,143.3
99,1993-04-01,3435.100098,3481.580078,3363.790039,3427.5500490000004,3427.5500490000004,645990000,451.670013,452.630005,432.299988,440.19000199999994,440.19000199999994,5853170000,2.96,"146,513",$622.84 ,"85,567",$738.64 ,"60,946",$460.26 ,143.8
100,1993-05-01,3439.399902,3565.070068,3415.330078,3527.429932,3527.429932,472660000,440.19000199999994,454.549988,436.85998499999994,450.19000199999994,450.19000199999994,5108640000,3.0,"132,910",$621.65 ,"77,028",$738.06 ,"55,882",$461.19 ,144.2
101,1993-06-01,3527.399902,3569.780029,3462.6599119999996,3516.080078,3516.080078,461140000,450.23001100000005,455.630005,442.5,450.52999900000003,450.52999900000003,5544400000,3.04,"132,628",$622.01 ,"77,291",$737.03 ,"55,337",$461.36 ,144.3
102,1993-07-01,3516.100098,3583.5,3449.899902,3539.469971,3539.469971,500980000,450.540009,451.14999400000005,441.39999400000005,448.130005,448.130005,5308530000,3.06,"140,354",$630.71 ,"81,463",$743.65 ,"58,891",$474.48 ,144.5
103,1993-08-01,3539.5,3663.830078,3536.959961,3651.25,3651.25,526610000,448.130005,463.55999800000006,446.94000199999994,463.55999800000006,463.55999800000006,5506200000,3.03,"134,051",$622.74 ,"77,771",$737.59 ,"56,280",$464.02 ,144.8
104,1993-09-01,3651.3000490000004,3655.719971,3507.0600590000004,3555.1201170000004,3555.1201170000004,487790000,463.549988,463.799988,449.64001500000006,458.92999299999997,458.92999299999997,5552720000,3.09,"117,407",$618.37 ,"67,538",$735.29 ,"49,869",$460.02 ,145.0
105,1993-10-01,3555.100098,3708.820068,3553.719971,3680.5900880000004,3680.5900880000004,529130000,458.92999299999997,471.10000599999995,456.39999400000005,467.829987,467.829987,5940460000,2.99,"131,182",$626.16 ,"76,620",$741.46 ,"54,562",$464.24 ,145.6
106,1993-11-01,3680.600098,3717.76001,3600.669922,3683.9499509999996,3683.9499509999996,576680000,467.829987,469.10998499999994,454.35998499999994,461.790009,461.790009,5876610000,3.02,"133,314",$625.05 ,"77,789",$740.35 ,"55,525",$463.52 ,146.0
107,1993-12-01,3685.100098,3799.919922,3685.0600590000004,3754.0900880000004,3754.0900880000004,517250000,461.92999299999997,471.290009,461.450012,466.450012,466.450012,5791210000,2.96,"91,218",$645.91 ,"52,501",$769.77 ,"38,717",$477.94 ,146.3
108,1994-01-01,3754.100098,3985.959961,3742.8100590000004,3978.360107,3978.360107,619530000,466.51000999999997,482.85000599999995,464.35998499999994,481.60998499999994,481.60998499999994,6627390000,3.05,"199,338",$681.21 ,"120,005",$798.13 ,"79,333",$504.35 ,146.3
109,1994-02-01,3978.399902,3982.0200200000004,3632.0200200000004,3832.0200200000004,3832.0200200000004,508560000,481.60000599999995,482.23001100000005,464.26000999999997,467.14001500000006,467.14001500000006,5853100000,3.25,"141,172",$653.31 ,"82,233",$774.54 ,"58,939",$484.17 ,146.7
110,1994-03-01,3832.0,3895.9399409999996,3559.0900880000004,3635.959961,3635.959961,667490000,467.19000199999994,471.089996,436.160004,445.76998899999995,445.76998899999995,7225010000,3.34,"137,462",$647.14 ,"79,539",$768.74 ,"57,923",$480.17 ,147.1
111,1994-04-01,3634.5,3710.8400880000004,3552.469971,3681.6899409999996,3681.6899409999996,566680000,445.660004,452.790009,435.85998499999994,450.910004,450.910004,5735010000,3.56,"143,881",$644.03 ,"83,068",$764.16 ,"60,813",$479.94 ,147.2
112,1994-05-01,3681.6999509999996,3772.790039,3623.100098,3758.3701170000004,3758.3701170000004,533470000,450.910004,457.76998899999995,440.77999900000003,456.5,456.5,5675970000,4.01,"131,161",$642.52 ,"75,437",$763.81 ,"55,724",$478.32 ,147.5
113,1994-06-01,3758.399902,3823.389893,3610.399902,3624.959961,3624.959961,554560000,456.5,463.23001100000005,439.829987,444.26998899999995,444.26998899999995,5852670000,4.25,"128,744",$643.86 ,"73,993",$764.47 ,"54,751",$480.87 ,147.9
114,1994-07-01,3625.0,3770.0,3623.0200200000004,3764.5,3764.5,450610000,444.26998899999995,459.329987,443.579987,458.26000999999997,458.26000999999997,4980100000,4.26,"137,201",$654.11 ,"78,694",$771.98 ,"58,507",$495.57 ,148.4
115,1994-08-01,3764.5,3939.320068,3736.330078,3913.419922,3913.419922,625170000,458.27999900000003,477.589996,456.079987,475.48999000000003,475.48999000000003,6398750000,4.47,"130,783",$647.46 ,"75,165",$768.05 ,"55,618",$484.48 ,149.0
116,1994-09-01,3913.100098,3992.639893,3820.3100590000004,3843.1899409999996,3843.1899409999996,591450000,475.48999000000003,475.48999000000003,458.47000099999997,462.709991,462.709991,6152870000,4.73,"123,741",$643.27 ,"70,511",$764.82 ,"53,230",$482.25 ,149.3
117,1994-10-01,3843.1999509999996,3949.8400880000004,3747.969971,3908.1201170000004,3908.1201170000004,636250000,462.69000199999994,474.73999000000003,449.26998899999995,472.35000599999995,472.35000599999995,6344700000,4.76,"125,030",$644.03 ,"71,721",$764.79 ,"53,309",$481.56 ,149.4
118,1994-11-01,3907.780029,3907.780029,3638.6298829999996,3739.2299799999996,3739.2299799999996,613270000,472.26000999999997,472.26000999999997,444.17999299999997,453.69000199999994,453.69000199999994,6251240000,5.29,"130,253",$643.69 ,"74,908",$764.80 ,"55,345",$479.78 ,149.8
119,1994-12-01,3739.1999509999996,3866.399902,3655.110107,3834.4399409999996,3834.4399409999996,543610000,453.549988,462.73001100000005,442.880005,459.26998899999995,459.26998899999995,6351530000,5.45,"96,581",$665.67 ,"55,164",$794.17 ,"41,417",$494.51 ,150.1
120,1995-01-01,3834.399902,3936.719971,3817.26001,3843.860107,3843.860107,615760000,459.209991,471.35998499999994,457.200012,470.420013,470.420013,6852060000,5.53,"208,890",$711.84 ,"124,206",$833.78 ,"84,684",$532.98 ,150.5
121,1995-02-01,3843.899902,4021.2299799999996,3831.4099119999996,4011.0500490000004,4011.0500490000004,576090000,470.420013,489.19000199999994,469.290009,487.39001500000006,487.39001500000006,6330100000,5.92,"140,996",$672.50 ,"81,176",$797.97 ,"59,820",$502.25 ,150.9
122,1995-03-01,4011.100098,4198.839844,3945.6899409999996,4157.689941,4157.689941,702540000,487.39001500000006,508.14999400000005,479.700012,500.709991,500.709991,7792400000,5.98,"138,908",$668.77 ,"79,470",$792.42 ,"59,438",$503.46 ,151.2
123,1995-04-01,4157.700195,4328.529785,4155.959961,4321.27002,4321.27002,547570000,500.700012,515.289978,500.200012,514.710022,514.710022,6307030000,6.05,"140,593",$662.50 ,"80,221",$785.58 ,"60,372",$498.96 ,151.8
124,1995-05-01,4321.299805,4465.140136999999,4301.560059,4465.140136999999,4465.140136999999,689940000,514.76001,533.409973,513.030029,533.400024,533.400024,7555690000,6.01,"129,279",$661.26 ,"73,879",$784.12 ,"55,400",$497.41 ,152.1
125,1995-06-01,4465.100098,4593.100098,4406.689941,4556.100098,4556.100098,641520000,533.400024,551.070007,526.0,544.75,544.75,7555650000,6.0,"130,074",$664.47 ,"74,581",$785.99 ,"55,493",$501.14 ,152.4
126,1995-07-01,4556.100098,4747.209961,4551.25,4708.470215,4708.470215,665580000,544.75,565.400024,542.51001,562.0599980000001,562.0599980000001,7307960000,5.85,"135,908",$675.52 ,"77,761",$796.47 ,"58,147",$513.77 ,152.6
127,1995-08-01,4708.5,4754.959961,4570.850098,4610.560059,4610.560059,623030000,562.0599980000001,565.619995,553.039978,561.880005,561.880005,7146620000,5.74,"127,967",$662.81 ,"73,097",$784.05 ,"54,870",$501.31 ,152.9
128,1995-09-01,4610.200195,4816.540039,4607.029785,4789.080078,4789.080078,707190000,561.880005,587.6099849999999,561.01001,584.409973,584.409973,7052830000,5.8,"122,787",$660.03 ,"69,739",$782.85 ,"53,048",$498.56 ,153.1
129,1995-10-01,4789.799805,4816.899902,4659.740234000001,4755.47998,4755.47998,685570000,584.409973,590.659973,571.549988,581.5,581.5,8043320000,5.76,"119,999",$655.45 ,"68,285",$776.07 ,"51,714",$496.18 ,153.5
130,1995-11-01,4753.700195,5118.930176,4744.640136999999,5074.490234000001,5074.490234000001,598970000,581.5,608.6900019999999,581.039978,605.369995,605.369995,7602150000,5.8,"122,836",$667.15 ,"70,414",$789.56 ,"52,422",$502.73 ,153.7
131,1995-12-01,5075.600098,5235.620117,5051.72998,5117.120117,5117.120117,601160000,605.369995,622.880005,605.049988,615.929993,615.929993,7697540000,5.6,"90,937",$688.37 ,"51,816",$817.98 ,"39,121",$516.71 ,153.9
132,1996-01-01,5115.700195,5408.669922,5014.52002,5395.299805,5395.299805,851030000,615.929993,636.179993,597.289978,636.02002,636.02002,9188050000,5.56,"190,402",$731.18 ,"113,059",$855.04 ,"77,343",$550.13 ,154.7
133,1996-02-01,5394.899902,5659.399902,5348.339844,5485.620117,5485.620117,769130000,636.02002,664.22998,633.710022,640.429993,640.429993,8749960000,5.22,"135,099",$694.85 ,"77,293",$823.48 ,"57,806",$522.86 ,155.0
134,1996-03-01,5488.200195,5709.970215,5424.200195,5587.140136999999,5587.140136999999,831070000,640.429993,656.969971,627.630005,645.5,645.5,8984200000,5.31,"143,203",$693.46 ,"81,775",$821.66 ,"61,428",$522.80 ,155.5
135,1996-04-01,5588.600098,5697.689941,5415.529785,5569.080078,5569.080078,756530000,645.5,656.679993,624.1400150000001,654.169983,654.169983,8875580000,5.22,"132,544",$683.58 ,"75,454",$809.30 ,"57,090",$517.41 ,156.1
136,1996-05-01,5567.600098,5796.100098,5342.200195,5643.180176,5643.180176,801900000,654.169983,681.099976,630.070007,669.119995,669.119995,8921140000,5.24,"123,377",$684.66 ,"70,469",$811.35 ,"52,908",$515.92 ,156.4
137,1996-06-01,5643.899902,5742.540039,5580.379883,5654.629883,5654.629883,647790000,669.119995,680.320007,658.75,670.630005,670.630005,7930840000,5.27,"129,426",$687.09 ,"73,820",$812.68 ,"55,606",$520.36 ,156.7
138,1996-07-01,5654.600098,5733.310059,5182.319824,5528.910156,5528.910156,781850000,670.630005,675.880005,605.880005,639.950012,639.950012,8849860000,5.4,"128,248",$698.74 ,"72,380",$823.90 ,"55,868",$536.60 ,157.0
139,1996-08-01,5528.899902,5739.02002,5524.100098,5616.209961,5616.209961,615820000,639.950012,670.679993,639.48999,651.98999,651.98999,7380320000,5.22,"126,181",$687.63 ,"71,456",$813.56 ,"54,725",$523.19 ,157.2
140,1996-09-01,5611.799805,5929.890136999999,5561.459961,5882.169922,5882.169922,649320000,651.98999,690.880005,643.969971,687.330017,687.330017,8064070000,5.3,"125,785",$682.35 ,"70,754",$810.38 ,"55,031",$517.74 ,157.7
141,1996-10-01,5878.399902,6133.72998,5861.669922,6029.379883,6029.379883,766260000,687.3099980000001,714.099976,684.4400019999999,705.27002,705.27002,9703670000,5.24,"120,634",$684.65 ,"68,255",$813.69 ,"52,379",$516.50 ,158.2
142,1996-11-01,6027.100098,6589.529785,5998.819824,6521.700195,6521.700195,741560000,705.27002,762.119995,701.299988,757.02002,757.02002,8763850000,5.31,"134,912",$683.07 ,"76,609",$810.46 ,"58,303",$515.69 ,158.7
143,1996-12-01,6520.600098,6587.049805,6236.049805,6448.27002,6448.27002,781180000,757.02002,761.75,716.6900019999999,740.73999,740.73999,9089170000,5.29,"91,641",$708.70 ,"51,398",$846.03 ,"40,243",$533.30 ,159.1
144,1997-01-01,6447.5,6906.600098000001,6352.830078,6813.089844,6813.089844,1003920000,740.73999,794.669983,729.549988,786.159973,786.159973,11635830000,5.25,"194,346",$751.96 ,"112,790",$881.25 ,"81,556",$573.17 ,159.4
145,1997-02-01,6810.799805,7073.620117,6710.720215,6877.740234000001,6877.740234000001,765900000,786.159973,817.679993,773.429993,790.820007,790.820007,9715930000,5.19,"140,628",$721.61 ,"79,696",$855.07 ,"60,932",$547.06 ,159.7
146,1997-03-01,6874.299805,7112.100098000001,6561.200195,6583.47998,6583.47998,962230000,790.820007,814.900024,756.130005,757.119995,757.119995,10120760000,5.39,"146,602",$722.98 ,"83,467",$854.58 ,"63,135",$549.00 ,159.8
147,1997-04-01,6583.5,7057.549805,6356.779785,7009.0,7009.0,1098930000,757.119995,804.130005,733.539978,801.340027,801.340027,10454880000,5.51,"132,910",$713.17 ,"74,693",$846.03 ,"58,217",$542.71 ,159.9
148,1997-05-01,7008.990234000001,7394.950195,6913.470215,7331.0,7331.0,1046600000,801.340027,851.8699949999999,793.210022,848.2800289999999,848.2800289999999,10106650000,5.5,"126,477",$716.05 ,"71,786",$848.16 ,"54,691",$542.65 ,159.9
149,1997-06-01,7331.0,7834.060059,7253.779785,7672.799805,7672.799805,1086740000,848.2800289999999,902.090027,838.820007,885.1400150000001,885.1400150000001,10857950000,5.56,"127,528",$719.52 ,"71,998",$852.06 ,"55,530",$547.67 ,160.2
150,1997-07-01,7678.0,8282.769531,7667.359863,8222.599609,8222.599609,1265280000,885.1400150000001,957.7299800000001,884.5399779999999,954.3099980000001,954.3099980000001,11958120000,5.52,"147,968",$731.17 ,"70,329",$855.44 ,"77,639",$618.60 ,160.4
151,1997-08-01,8222.799805,8299.490234,7606.859863,7622.399901999999,7622.399901999999,1123190000,954.2899779999999,964.169983,893.340027,899.4699710000001,899.4699710000001,10606100000,5.54,"191,013",$725.64 ,"71,614",$847.38 ,"119,399",$652.62 ,160.8
152,1997-09-01,7631.700195,8035.629883,7580.850098000001,7945.299805,7945.299805,1212550000,899.4699710000001,960.590027,899.4699710000001,947.2800289999999,947.2800289999999,11383000000,5.54,"150,508",$712.36 ,"68,653",$844.47 ,"81,855",$601.56 ,161.2
153,1997-10-01,7948.5,8184.700195,6971.069823999999,7442.100098000001,7442.100098000001,1605030000,947.2800289999999,983.1199949999999,855.2700199999999,914.6199949999999,914.6199949999999,14017260000,5.5,"133,542",$713.05 ,"68,499",$848.84 ,"65,043",$570.05 ,161.5
154,1997-11-01,7445.799805,7881.069823999999,7349.990234000001,7823.100098000001,7823.100098000001,1068290000,914.6199949999999,964.5499880000001,900.6099849999999,955.400024,955.400024,10173620000,5.52,"136,153",$714.61 ,"73,207",$847.73 ,"62,946",$559.79 ,161.7
155,1997-12-01,7825.120117,8166.290039,7576.930176000001,7908.299805,7908.299805,1156060000,955.400024,986.25,924.919983,970.429993,970.429993,11958880000,5.5,"90,948",$734.53 ,"49,524",$876.87 ,"41,424",$564.36 ,161.8
156,1998-01-01,7910.200195,8035.540039,7443.410156,7906.5,7906.5,1324260000,970.429993,992.650024,912.830017,980.2800289999999,980.2800289999999,12733830000,5.56,"203,655",$775.94 ,"113,306",$911.83 ,"90,349",$605.52 ,162.0
157,1998-02-01,7909.990234000001,8566.889648,7909.990234000001,8545.719727,8545.719727,1031480000,980.2800289999999,1051.660034,980.2800289999999,1049.339966,1049.339966,11656550000,5.51,"146,487",$744.68 ,"78,811",$883.87 ,"67,676",$582.58 ,162.0
158,1998-03-01,8544.469727,8959.240234,8405.719727,8799.80957,8799.80957,1191880000,1049.339966,1113.069946,1030.869995,1101.75,1101.75,13719590000,5.49,"150,669",$738.95 ,"81,877",$878.02 ,"68,792",$573.43 ,162.0
159,1998-04-01,8801.55957,9213.330078,8748.740234,9063.370117,9063.370117,1387960000,1101.75,1132.97998,1076.699951,1111.75,1111.75,13656060000,5.45,"134,694",$734.26 ,"74,306",$871.93 ,"60,388",$564.87 ,162.2
160,1998-05-01,9066.610352,9261.910156,8788.099609,8899.950195,8899.950195,1075240000,1111.75,1130.52002,1074.390015,1090.819946,1090.819946,11477140000,5.49,"130,364",$736.76 ,"72,499",$873.39 ,"57,865",$565.59 ,162.6
161,1998-06-01,8900.950195,9104.719727,8569.879883,8952.019531,8952.019531,1287570000,1090.819946,1145.150024,1074.670044,1133.839966,1133.839966,13551970000,5.56,"125,109",$741.97 ,"69,693",$878.46 ,"55,416",$570.32 ,162.8
162,1998-07-01,8958.990234,9367.839844,8816.089844,8883.290039,8883.290039,1413670000,1133.839966,1190.579956,1114.300049,1120.670044,1120.670044,14194800000,5.54,"132,566",$748.88 ,"72,838",$884.30 ,"59,728",$583.74 ,163.2
163,1998-08-01,8883.290039,8886.120117,7539.069823999999,7539.069823999999,7539.069823999999,1641660000,1120.670044,1121.790039,957.2800289999999,957.2800289999999,957.2800289999999,15071550000,5.55,"132,376",$738.44 ,"73,021",$876.37 ,"59,355",$568.75 ,163.4
164,1998-09-01,7545.759765999999,8182.470215,7400.299805,7842.620117,7842.620117,1897140000,957.2800289999999,1066.109985,939.9799800000001,1017.01001,1017.01001,16714080000,5.51,"121,830",$737.70 ,"67,348",$875.93 ,"54,482",$566.83 ,163.5
165,1998-10-01,7841.330078,8659.80957,7467.490234000001,8592.099609,8592.099609,1916330000,1017.01001,1103.780029,923.320007,1098.670044,1098.670044,18001650000,5.07,"120,854",$737.49 ,"66,304",$877.28 ,"54,550",$567.59 ,163.9
166,1998-11-01,8595.700195,9380.200195,8595.700195,9116.549805,9116.549805,1389030000,1098.670044,1192.969971,1098.670044,1163.630005,1163.630005,13451280000,4.83,"136,815",$738.99 ,"73,460",$875.25 ,"63,355",$581.00 ,164.1
167,1998-12-01,9116.549805,9334.879883,8676.030273,9181.429688,9181.429688,1507520000,1163.630005,1244.930054,1136.890015,1229.22998,1229.22998,15181450000,4.68,"96,092",$754.23 ,"51,928",$898.41 ,"44,164",$584.71 ,164.4
168,1999-01-01,9184.009766,9647.959961,9063.259766,9358.830078,9358.830078,1746490000,1229.22998,1280.369995,1205.459961,1279.640015,1279.640015,16213500000,4.63,"207,172",$806.29 ,"116,857",$944.70 ,"90,315",$627.20 ,164.7
169,1999-02-01,9359.599609,9611.330078,9099.040039,9306.580078,9306.580078,1545220000,1279.640015,1283.839966,1211.890015,1238.329956,1238.329956,14555860000,4.76,"145,795",$776.44 ,"80,092",$921.24 ,"65,703",$599.93 ,164.7
170,1999-03-01,9307.389648,10085.30957,9211.230469,9786.160156,9786.160156,1993040000,1238.329956,1323.819946,1216.030029,1286.369995,1286.369995,18002500000,4.81,"146,524",$771.53 ,"80,833",$915.30 ,"65,691",$594.62 ,164.8
171,1999-04-01,9786.44043,10961.709961,9765.629883,10789.040039,10789.040039,2096500000,1286.369995,1371.560059,1282.560059,1335.180054,1335.180054,18523200000,4.74,"143,760",$768.41 ,"79,896",$909.76 ,"63,864",$591.57 ,165.9
172,1999-05-01,10789.040039,11130.669922,10434.259766,10559.740234,10559.740234,1842620000,1335.180054,1375.97998,1277.310059,1301.839966,1301.839966,15880260000,4.74,"133,699",$768.19 ,"74,681",$909.21 ,"59,018",$589.73 ,166.0
173,1999-06-01,10561.009766,11003.410156,10409.139648,10970.799805,10970.799805,1766990000,1301.839966,1372.930054,1277.469971,1372.709961,1372.709961,16079170000,4.76,"129,886",$772.67 ,"72,540",$913.96 ,"57,346",$593.96 ,166.0
174,1999-07-01,10966.049805,11252.269531,10647.860352,10655.150391,10655.150391,1672190000,1372.709961,1420.329956,1328.48999,1328.719971,1328.719971,15332930000,4.99,"133,683",$788.50 ,"74,273",$926.32 ,"59,410",$616.21 ,166.7
175,1999-08-01,10654.830078,11365.929688,10549.080078,10829.280273,10829.280273,1857760000,1328.719971,1382.839966,1267.72998,1320.410034,1320.410034,15818550000,5.07,"144,414",$769.45 ,"79,413",$912.04 ,"65,001",$595.24 ,167.1
176,1999-09-01,10828.44043,11142.410156,10081.129883,10336.950195,10336.950195,1751910000,1320.410034,1361.390015,1256.26001,1282.709961,1282.709961,16438700000,5.22,"130,676",$774.08 ,"72,443",$917.56 ,"58,233",$595.60 ,167.8
177,1999-10-01,10335.69043,10790.019531,9976.019531,10729.860352,10729.860352,2203030000,1282.709961,1373.170044,1233.699951,1362.930054,1362.930054,18832000000,5.2,"132,382",$774.18 ,"74,239",$916.88 ,"58,143",$591.99 ,168.1
178,1999-11-01,10730.780273,11112.769531,10536.269531,10877.80957,10877.80957,3250890000,1362.930054,1425.310059,1346.410034,1388.910034,1388.910034,18384820000,5.42,"135,023",$764.03 ,"76,076",$901.53 ,"58,947",$586.57 ,168.4
179,1999-12-01,10876.469727,11568.769531,10859.650391,11497.120117,11497.120117,3166150000,1388.910034,1473.099976,1387.380005,1469.25,1469.25,19640690000,5.3,"107,010",$791.18 ,"59,674",$934.32 ,"47,336",$610.74 ,168.8
180,2000-01-01,11501.849609,11750.280273,10701.639648,10940.530273,10940.530273,3854530000,1469.25,1478.0,1350.140015,1394.459961,1394.459961,21494400000,5.45,"228,078",$845.59 ,"129,701",$987.72 ,"98,377",$658.21 ,169.3
181,2000-02-01,10937.740234,11118.929688,9836.05957,10128.30957,10128.30957,3661120000,1394.459961,1444.550049,1325.069946,1366.420044,1366.420044,20912000000,5.73,"154,291",$805.75 ,"85,726",$949.94 ,"68,565",$625.47 ,170.0
182,2000-03-01,10128.110352,11234.650391,9731.80957,10921.919922,10921.919922,4754630000,1366.420044,1552.869995,1346.619995,1498.579956,1498.579956,26156200000,5.85,"153,632",$802.93 ,"85,854",$948.11 ,"67,778",$619.03 ,171.0
183,2000-04-01,10863.280273,11425.450195,10201.530273,10733.910156,10733.910156,4049750000,1498.579956,1527.189941,1339.400024,1452.430054,1452.430054,20106460000,6.02,"168,790",$841.32 ,"97,750",$992.36 ,"71,040",$633.51 ,170.9
184,2000-05-01,10749.419922,10971.240234,10258.80957,10522.330078,10522.330078,3816980000,1452.430054,1481.51001,1361.089966,1420.599976,1420.599976,19898300000,6.27,"194,826",$913.01 ,"117,798","$1,068.77 ","77,028",$674.82 ,171.2
185,2000-06-01,10532.269531,10863.0,10335.459961,10447.889648,10447.889648,3823590000,1420.599976,1488.930054,1420.599976,1454.599976,1454.599976,21738300000,6.53,"178,548",$879.82 ,"104,335","$1,034.63 ","74,213",$662.18 ,172.2
186,2000-07-01,10450.360352,10874.629883,10393.089844,10521.980469,10521.980469,3248880000,1454.599976,1517.319946,1413.890015,1430.829956,1430.829956,19089100000,6.54,"173,154",$860.77 ,"98,832","$1,009.74 ","74,322",$662.66 ,172.7
187,2000-08-01,10523.80957,11319.05957,10516.759766,11215.099609,11215.099609,3620730000,1430.829956,1525.209961,1425.430054,1517.680054,1517.680054,20363700000,6.5,"158,065",$832.08 ,"89,331",$980.31 ,"68,734",$639.42 ,172.7
188,2000-09-01,11219.540039,11401.19043,10567.320313,10650.919922,10650.919922,4639930000,1517.680054,1530.089966,1419.439941,1436.51001,1436.51001,20838300000,6.52,"148,838",$820.08 ,"83,656",$968.36 ,"65,182",$629.76 ,173.6
189,2000-10-01,10659.05957,10995.410156,9654.639648,10971.139648,10971.139648,6254820000,1436.52002,1454.819946,1305.790039,1429.400024,1429.400024,25951400000,6.51,"142,497",$815.78 ,"80,655",$961.03 ,"61,842",$626.34 ,173.9
190,2000-11-01,10966.209961,11006.5,10292.389648,10414.490234,10414.490234,4680310000,1429.400024,1438.459961,1294.900024,1314.949951,1314.949951,20532300000,6.51,"137,720",$805.08 ,"77,256",$947.79 ,"60,464",$622.73 ,174.2
191,2000-12-01,10416.759766,10917.679688,10299.209961,10787.990234,10787.990234,5202580000,1314.949951,1389.050049,1254.069946,1320.280029,1320.280029,23610800000,6.4,"122,210",$842.84 ,"66,642",$996.52 ,"55,568",$658.53 ,174.6
192,2001-01-01,10790.919922,11028.0,10468.040039,10887.360352,10887.360352,5825960000,1320.280029,1383.369995,1274.619995,1366.01001,1366.01001,27829800000,5.98,"227,392",$895.84 ,"129,589","$1,046.48 ","97,803",$696.25 ,175.6
193,2001-02-01,10884.820313,11035.139648,10294.009766,10495.280273,10495.280273,4164820000,1366.01001,1376.380005,1215.439941,1239.939941,1239.939941,21644400000,5.49,"158,279",$852.31 ,"88,132","$1,004.71 ","70,147",$660.83 ,176.0
194,2001-03-01,10493.25,10859.5,9106.540039,9878.780273,9878.780273,6086470000,1239.939941,1267.420044,1081.189941,1160.329956,1160.329956,27806610000,5.31,"156,296",$845.83 ,"85,822",$994.19 ,"70,474",$665.15 ,176.1
195,2001-04-01,9877.160156,10906.410156,9375.719727,10734.969727,10734.969727,5241100000,1160.329956,1269.300049,1091.98999,1249.459961,1249.459961,25409990000,4.8,"155,459",$841.22 ,"83,090",$992.58 ,"72,369",$667.43 ,176.4
196,2001-05-01,10734.049805,11350.049805,10673.219727,10911.94043,10911.94043,4518100000,1249.459961,1315.930054,1232.0,1255.819946,1255.819946,24525900000,4.21,"135,173",$841.40 ,"74,125",$993.38 ,"61,048",$656.88 ,177.3
197,2001-06-01,10913.570313,11196.530273,10394.719727,10502.400391,10502.400391,4914500000,1255.819946,1286.619995,1203.030029,1224.380005,1224.380005,24748030000,3.97,"153,025",$845.33 ,"84,000",$995.84 ,"69,025",$662.18 ,177.7
198,2001-07-01,10504.950195,10679.120117,10120.889648,10522.80957,10522.80957,4605880000,1224.420044,1239.780029,1165.540039,1211.22998,1211.22998,23793710000,3.77,"128,952",$866.70 ,"70,423","$1,020.33 ","58,529",$681.86 ,177.4
199,2001-08-01,10527.379883,10609.650391,9869.139648,9949.75,9949.75,4083400000,1211.22998,1226.27002,1124.869995,1133.579956,1133.579956,23359200000,3.65,"137,978",$850.46 ,"75,463","$1,007.52 ","62,515",$660.87 ,177.4
200,2001-09-01,9946.980469,10182.379883,8062.339844,8847.55957,8847.55957,5555020000,1133.579956,1155.400024,944.75,1040.939941,1040.939941,25025290000,3.07,"138,333",$852.80 ,"76,308","$1,011.02 ","62,025",$658.15 ,178.1
201,2001-10-01,8845.969727,9598.169922,8732.139648,9075.139648,9075.139648,5722030000,1040.939941,1110.609985,1026.76001,1059.780029,1059.780029,29951280000,2.49,"134,267",$853.72 ,"75,051","$1,008.52 ","59,216",$657.53 ,177.6
202,2001-11-01,9087.450195,9992.790039,9014.459961,9851.55957,9851.55957,4722560000,1059.780029,1163.380005,1054.310059,1139.449951,1139.449951,26330000000,2.09,"135,044",$846.55 ,"75,348",$996.97 ,"59,696",$656.68 ,177.5
203,2001-12-01,9848.929688,10184.450195,9703.900391,10021.570313,10021.570313,4302710000,1139.449951,1173.619995,1114.530029,1148.079956,1148.079956,25128570000,1.82,"119,030",$881.12 ,"65,962","$1,039.13 ","53,068",$684.71 ,177.4
204,2002-01-01,10021.709961,10300.150391,9529.459961,9920.0,9920.0,4955760000,1148.079956,1176.969971,1081.660034,1130.199951,1130.199951,29746200000,1.73,"222,235",$948.45 ,"126,279","$1,105.28 ","95,956",$742.05 ,177.7
205,2002-02-01,9923.040039,10255.240234,9580.320313,10106.129883,10106.129883,4651890000,1130.199951,1130.199951,1074.359985,1106.72998,1106.72998,26047600000,1.74,"158,051",$897.37 ,"87,341","$1,058.14 ","70,710",$698.78 ,178.0
206,2002-03-01,10111.040039,10673.099609,10111.040039,10403.94043,10403.94043,4589750000,1106.72998,1173.939941,1106.72998,1147.390015,1147.390015,26563200000,1.73,"163,876",$889.50 ,"91,083","$1,045.42 ","72,793",$694.40 ,178.5
207,2002-04-01,10402.070313,10402.070313,9811.570313,9946.219727,9946.219727,5111860000,1147.390015,1147.839966,1063.459961,1076.920044,1076.920044,28568900000,1.75,"153,054",$884.52 ,"84,872","$1,040.66 ","68,182",$690.16 ,179.3
208,2002-05-01,9944.900391,10353.429688,9802.230469,9925.25,9925.25,4800810000,1076.920044,1106.589966,1048.959961,1067.140015,1067.140015,26905500000,1.75,"141,184",$888.39 ,"78,372","$1,048.16 ","62,812",$689.04 ,179.5
209,2002-06-01,9923.94043,9986.490234,8926.570313,9243.259766,9243.259766,5783720000,1067.140015,1070.73999,952.919983,989.820007,989.820007,29981510000,1.75,"143,327",$892.25 ,"79,098","$1,051.73 ","64,229",$695.86 ,179.6
210,2002-07-01,9239.25,9410.379883,7532.660156,8736.589844,8736.589844,7714600000,989.820007,994.4600220000001,775.679993,911.6199949999999,911.6199949999999,42228720000,1.73,"147,559",$904.60 ,"79,747","$1,064.47 ","67,812",$716.59 ,180.0
211,2002-08-01,8732.580078,9077.009766,8030.819823999999,8663.5,8663.5,5591350000,911.6199949999999,965.0,833.4400019999999,916.070007,916.070007,29298400000,1.74,"145,888",$898.00 ,"79,851","$1,061.02 ","66,037",$700.88 ,180.5
212,2002-09-01,8659.269531,8726.900391,7460.779785,7591.930176000001,7591.930176000001,5601800000,916.070007,924.0200199999999,800.200012,815.280029,815.280029,27723710000,1.75,"145,230",$893.33 ,"79,292","$1,060.46 ","65,938",$692.35 ,180.8
213,2002-10-01,7593.040039,8558.629883,7197.490234000001,8397.030273,8397.030273,7498850000,815.280029,907.4400019999999,768.630005,885.76001,885.76001,37856310000,1.75,"136,400",$896.67 ,"75,402","$1,059.58 ","60,998",$695.30 ,181.2
214,2002-11-01,8395.639648,8950.330078,8298.679688,8896.089844,8896.089844,5410370000,885.76001,941.820007,872.0499880000001,936.3099980000001,936.3099980000001,29200960000,1.34,"143,662",$892.97 ,"79,666","$1,055.44 ","63,996",$690.72 ,181.5
215,2002-12-01,8902.950195,9043.370117,8242.910156,8341.629883,8341.629883,4607200000,936.3099980000001,954.2800289999999,869.4500119999999,879.820007,879.820007,25993640000,1.24,"113,625",$927.23 ,"61,385","$1,097.64 ","52,240",$726.99 ,181.8
216,2003-01-01,8342.379883,8869.290039,7917.160156,8053.810059,8053.810059,5426600000,879.820007,935.0499880000001,840.340027,855.7000119999999,855.7000119999999,30749580000,1.24,"200,612",$971.40 ,"108,727","$1,136.67 ","91,885",$775.83 ,182.6
217,2003-02-01,8053.740234000001,8152.529785,7628.990234000001,7891.080078,7891.080078,4418320000,855.7000119999999,864.6400150000001,806.289978,841.150024,841.150024,25235300000,1.26,"133,848",$903.69 ,"70,457","$1,069.55 ","63,391",$719.35 ,183.6
218,2003-03-01,7890.240234000001,8522.179688,7416.640137,7992.129883,7992.129883,5616290000,841.150024,895.900024,788.900024,848.179993,848.179993,30080030000,1.25,"157,987",$914.62 ,"85,477","$1,078.14 ","72,510",$721.85 ,183.9
219,2003-04-01,7992.830078,8559.769531,7979.689941,8480.089844,8480.089844,5128590000,848.179993,924.23999,847.849976,916.919983,916.919983,29669610000,1.26,"152,276",$906.21 ,"82,717","$1,069.37 ","69,559",$712.18 ,183.2
220,2003-05-01,8478.480469,8868.330078,8340.230469,8850.259766,8850.259766,4686280000,916.919983,965.3800050000001,902.830017,963.590027,963.590027,30952100000,1.26,"145,401",$909.00 ,"79,457","$1,073.76 ","65,944",$710.48 ,182.9
221,2003-06-01,8851.450195,9352.769531,8851.450195,8985.44043,8985.44043,4987850000,963.590027,1015.330017,963.590027,974.5,974.5,31219400000,1.22,"147,891",$912.52 ,"78,867","$1,075.78 ","69,024",$725.99 ,183.1
222,2003-07-01,8983.660156,9361.400391,8871.200195,9233.799805,9233.799805,4911390000,974.5,1015.409973,962.099976,990.3099980000001,990.3099980000001,31553200000,1.01,"148,522",$923.67 ,"79,792","$1,090.21 ","68,730",$730.33 ,183.7
223,2003-08-01,9232.679688,9499.969727,8997.110352,9415.820313,9415.820313,3853760000,990.3099980000001,1011.01001,960.840027,1008.01001,1008.01001,24881470000,1.03,"151,122",$912.41 ,"81,675","$1,081.40 ","69,447",$713.66 ,184.5
224,2003-09-01,9416.669922,9686.080078,9230.469727,9275.05957,9275.05957,4385460000,1008.01001,1040.290039,990.3599849999999,995.9699710000001,995.9699710000001,29940110000,1.01,"148,281",$915.08 ,"80,463","$1,085.04 ","67,818",$713.42 ,185.1
225,2003-10-01,9276.799805,9850.009766,9276.799805,9801.120117,9801.120117,4840970000,995.9699710000001,1053.790039,995.9699710000001,1050.709961,1050.709961,32298500000,1.01,"140,169",$920.83 ,"77,189","$1,089.60 ","62,980",$713.97 ,184.9
226,2003-11-01,9802.459961,9903.570313,9585.5,9782.459961,9782.459961,3548520000,1050.709961,1063.650024,1031.199951,1058.199951,1058.199951,24463220000,1.0,"148,364",$916.37 ,"81,469","$1,084.23 ","66,895",$711.94 ,185.0
227,2003-12-01,9785.349609,10462.44043,9785.349609,10453.919922,10453.919922,4246080000,1058.199951,1112.560059,1053.410034,1111.920044,1111.920044,27839130000,0.98,"118,265",$963.80 ,"64,088","$1,142.31 ","54,177",$752.65 ,185.5
228,2004-01-01,10452.740234,10705.179688,10367.410156,10488.070313,10488.070313,4380510000,1111.920044,1155.380005,1105.079956,1131.130005,1131.130005,32820000000,1.0,"247,108","$1,021.43 ","136,386","$1,192.59 ","110,722",$810.61 ,186.3
229,2004-02-01,10487.780273,10753.629883,10434.669922,10583.919922,10583.919922,3894640000,1131.130005,1158.97998,1124.439941,1144.939941,1144.939941,27985600000,1.01,"167,974",$945.29 ,"90,636","$1,113.48 ","77,338",$748.17 ,186.7
230,2004-03-01,10582.25,10695.549805,10007.490234,10357.700195,10357.700195,5009640000,1144.939941,1163.22998,1087.160034,1126.209961,1126.209961,33597900000,1.0,"137,588",$904.31 ,"72,839","$1,065.21 ","64,749",$723.31 ,187.1
231,2004-04-01,10357.519531,10570.80957,10219.179688,10225.570313,10225.570313,4530000000,1126.209961,1150.569946,1107.22998,1107.300049,1107.300049,31611900000,1.0,"132,435",$892.63 ,"68,661","$1,056.56 ","63,774",$716.14 ,187.4
232,2004-05-01,10227.269531,10386.320313,9852.19043,10188.450195,10188.450195,4016800000,1107.300049,1127.73999,1076.319946,1120.680054,1120.680054,29326400000,1.0,"151,245",$921.68 ,"81,023","$1,088.58 ","70,222",$729.11 ,188.2
233,2004-06-01,10187.179688,10498.669922,10134.860352,10435.480469,10435.480469,4111110000,1120.680054,1146.339966,1113.319946,1140.839966,1140.839966,27529500000,1.03,"154,640",$925.67 ,"82,919","$1,093.01 ","71,721",$732.21 ,188.9
234,2004-07-01,10434.0,10448.089844,9913.919922,10139.709961,10139.709961,4452180000,1140.839966,1140.839966,1078.780029,1101.719971,1101.719971,29285600000,1.26,"142,269",$942.91 ,"76,235","$1,111.52 ","66,034",$748.24 ,189.1
235,2004-08-01,10138.450195,10211.25,9783.910156,10173.919922,10173.919922,3756550000,1101.719971,1109.680054,1060.719971,1104.23999,1104.23999,26586800000,1.43,"154,636",$920.82 ,"83,209","$1,089.64 ","71,427",$724.16 ,189.2
236,2004-09-01,10170.120117,10363.360352,9977.919922,10080.269531,10080.269531,4638370000,1104.23999,1131.540039,1099.180054,1114.579956,1114.579956,26829870000,1.61,"142,439",$926.01 ,"76,517","$1,099.42 ","65,922",$724.72 ,189.8
237,2004-10-01,10082.040039,10270.370117,9708.400391,10027.469727,10027.469727,5292920000,1114.579956,1142.050049,1090.290039,1130.199951,1130.199951,31511000000,1.76,"149,828",$923.64 ,"80,807","$1,095.20 ","69,021",$722.78 ,190.8
238,2004-11-01,10028.730469,10602.849609,10010.150391,10428.019531,10428.019531,5666600000,1130.199951,1188.459961,1127.599976,1173.819946,1173.819946,30460280000,1.93,"166,753",$912.64 ,"90,310","$1,076.36 ","76,443",$719.22 ,191.7
239,2004-12-01,10425.799805,10868.070313,10418.629883,10783.009766,10783.009766,5744730000,1173.780029,1217.329956,1173.780029,1211.920044,1211.920044,31102500000,2.16,"139,535",$961.12 ,"72,612","$1,135.92 ","66,923",$771.45 ,191.7
240,2005-01-01,10783.75,10867.389648,10368.610352,10489.94043,10489.94043,5424930000,1211.920044,1217.800049,1163.75,1181.27002,1181.27002,31498800000,2.28,"306,063","$1,049.88 ","165,793","$1,222.40 ","140,270",$845.97 ,191.6
241,2005-02-01,10489.719727,10853.429688,10489.639648,10766.230469,10766.230469,5038600000,1181.27002,1212.439941,1180.949951,1203.599976,1203.599976,29297410000,2.5,"186,977",$962.11 ,"100,166","$1,131.98 ","86,811",$766.11 ,192.4
242,2005-03-01,10769.040039,10984.459961,10396.240234,10503.759766,10503.759766,5820160000,1203.599976,1229.109985,1163.689941,1180.589966,1180.589966,39014150000,2.63,"174,147",$949.48 ,"93,700","$1,115.72 ","80,447",$755.85 ,193.1
243,2005-04-01,10504.570313,10568.929688,10000.459961,10192.509766,10192.509766,5852240000,1180.589966,1191.880005,1136.150024,1156.849976,1156.849976,43424270000,2.79,"173,703",$940.74 ,"93,017","$1,107.50 ","80,686",$748.50 ,193.7
244,2005-05-01,10192.0,10560.80957,10075.549805,10467.480469,10467.480469,4843000000,1156.849976,1199.560059,1146.180054,1191.5,1191.5,39321990000,3.0,"132,321",$901.06 ,"69,884","$1,061.38 ","62,437",$721.62 ,193.6
245,2005-06-01,10462.860352,10656.290039,10253.490234,10274.969727,10274.969727,5026730000,1191.5,1219.589966,1188.300049,1191.329956,1191.329956,40334040000,3.04,"122,047",$900.86 ,"63,237","$1,061.45 ","58,810",$728.18 ,193.7
246,2005-07-01,10273.589844,10717.730469,10175.400391,10640.910156,10640.910156,4821200000,1191.329956,1245.150024,1183.550049,1234.180054,1234.180054,37464670000,3.26,"159,545",$952.63 ,"84,090","$1,119.44 ","75,455",$766.74 ,194.9
247,2005-08-01,10641.780273,10719.410156,10349.370117,10481.599609,10481.599609,5082400000,1234.180054,1245.859985,1201.069946,1220.329956,1220.329956,42030090000,3.5,"158,677",$945.90 ,"82,375","$1,117.11 ","76,302",$761.06 ,196.1
248,2005-09-01,10481.44043,10701.80957,10350.959961,10568.700195,10568.700195,5229310000,1220.329956,1243.130005,1205.349976,1228.810059,1228.810059,44777510000,3.62,"150,003",$952.86 ,"79,186","$1,130.86 ","70,817",$753.83 ,198.8
249,2005-10-01,10569.5,10608.55957,10156.459961,10440.070313,10440.070313,5829060000,1228.810059,1233.339966,1168.199951,1207.01001,1207.01001,49793790000,3.78,"150,607",$954.02 ,"80,769","$1,128.18 ","69,838",$752.60 ,199.1
250,2005-11-01,10440.070313,10959.790039,10388.759766,10805.870117,10805.870117,5385780000,1207.01001,1270.640015,1201.069946,1249.47998,1249.47998,45102870000,4.0,"153,883",$950.47 ,"83,073","$1,120.11 ","70,810",$751.45 ,198.1
251,2005-12-01,10806.030273,10940.339844,10709.419922,10717.5,10717.5,5223910000,1249.47998,1275.800049,1246.589966,1248.290039,1248.290039,41756130000,4.16,"134,725","$1,011.60 ","68,007","$1,189.80 ","66,718",$829.97 ,198.1
252,2006-01-01,10718.299805,11047.759766,10661.150391,10864.860352,10864.860352,6552210000,1248.290039,1294.900024,1245.73999,1280.079956,1280.079956,49211650000,4.29,"316,433","$1,122.53 ","170,486","$1,303.83 ","145,947",$910.76 ,199.3
253,2006-02-01,10862.139648,11159.179688,10737.669922,10993.410156,10993.410156,5759090000,1280.079956,1297.569946,1253.609985,1280.660034,1280.660034,42859940000,4.49,"185,647","$1,030.49 ","98,927","$1,211.07 ","86,720",$824.49 ,199.4
254,2006-03-01,10993.25,11334.959961,10922.730469,11109.320313,11109.320313,6680180000,1280.660034,1310.880005,1268.420044,1294.869995,1294.869995,50905040000,4.59,"174,143","$1,013.01 ","92,616","$1,191.46 ","81,527",$810.29 ,199.7
255,2006-04-01,11113.0,11417.660156,11039.120117,11367.139648,11367.139648,5584020000,1302.880005,1318.160034,1280.73999,1310.609985,1310.609985,43308430000,4.79,"169,490","$1,005.02 ","91,427","$1,178.73 ","78,063",$801.56 ,200.7
256,2006-05-01,11367.780273,11670.19043,11030.469727,11168.30957,11168.30957,7360590000,1310.609985,1326.699951,1245.339966,1270.089966,1270.089966,54312830000,4.94,"152,945",$997.17 ,"82,486","$1,169.54 ","70,459",$795.37 ,201.3
257,2006-06-01,11169.030273,11285.820313,10698.849609,11150.219727,11150.219727,6959660000,1270.050049,1290.680054,1219.290039,1270.199951,1270.199951,54873260000,4.99,"156,458","$1,005.45 ","83,906","$1,181.05 ","72,552",$802.37 ,201.8
258,2006-07-01,11149.339844,11257.080078,10683.320313,11185.679688,11185.679688,5548680000,1270.060059,1280.420044,1224.540039,1276.660034,1276.660034,46348220000,5.24,"134,512",$981.32 ,"68,460","$1,140.66 ","66,052",$816.18 ,202.9
259,2006-08-01,11184.799805,11407.080078,11042.639648,11381.150391,11381.150391,4668650000,1278.530029,1306.73999,1261.300049,1303.819946,1303.819946,50485620000,5.25,"125,283",$949.14 ,"64,439","$1,111.09 ","60,844",$777.61 ,203.8
260,2006-09-01,11382.75,11741.990234,11323.839844,11679.070313,11679.070313,4494890000,1303.800049,1340.280029,1290.930054,1335.849976,1335.849976,49001440000,5.25,"151,025",$996.86 ,"79,889","$1,174.73 ","71,136",$797.12 ,202.8
261,2006-10-01,11678.990234,12167.019531,11653.05957,12080.730469,12080.730469,5665820000,1335.819946,1389.449951,1327.099976,1377.939941,1377.939941,56793620000,5.25,"150,897","$1,000.76 ","79,196","$1,176.19 ","71,701",$806.99 ,201.9
262,2006-11-01,12080.25,12361.0,11965.30957,12221.929688,12221.929688,4722850000,1377.76001,1407.890015,1360.97998,1400.630005,1400.630005,55343930000,5.25,"161,517","$1,002.15 ","83,083","$1,170.31 ","78,434",$824.01 ,202.0
263,2006-12-01,12220.969727,12529.879883,12089.980469,12463.150391,12463.150391,4381310000,1400.630005,1431.810059,1385.930054,1418.300049,1418.300049,47578780000,5.24,"125,062","$1,045.85 ","65,783","$1,232.40 ","59,279",$838.83 ,203.1
264,2007-01-01,12459.540039,12657.019531,12337.370117,12621.69043,12621.69043,5075440000,1418.030029,1441.609985,1403.969971,1438.23999,1438.23999,56686200000,5.25,"320,429","$1,182.81 ","174,824","$1,368.54 ","145,605",$959.82 ,203.437
265,2007-02-01,12617.200195,12795.929688,12086.05957,12268.629883,12268.629883,4347420000,1437.900024,1461.569946,1389.420044,1406.819946,1406.819946,51844990000,5.26,"183,319","$1,077.07 ","98,661","$1,259.36 ","84,658",$864.62 ,204.226
266,2007-03-01,12268.629883,12511.049805,11939.610352,12354.349609,12354.349609,5633180000,1406.800049,1438.890015,1363.97998,1420.859985,1420.859985,67622250000,5.26,"177,307","$1,061.38 ","94,723","$1,239.10 ","82,584",$857.54 ,205.28799999999998
267,2007-04-01,12354.519531,13162.05957,12324.280273,13062.910156,13062.910156,4819810000,1420.829956,1498.02002,1416.369995,1482.369995,1482.369995,57032470000,5.25,"172,014","$1,050.13 ","92,372","$1,227.49 ","79,642",$844.41 ,205.90400000000002
268,2007-05-01,13062.75,13673.070313,13041.299805,13627.639647999998,13627.639647999998,5039850000,1482.369995,1535.560059,1476.699951,1530.619995,1530.619995,64958050000,5.25,"155,679","$1,047.08 ","83,776","$1,224.40 ","71,903",$840.49 ,206.755
269,2007-06-01,13628.69043,13692.0,13251.530273,13408.620117,13408.620117,5227620000,1530.619995,1540.560059,1484.180054,1503.349976,1503.349976,65322800000,5.25,"168,804","$1,053.14 ","85,991","$1,228.84 ","82,813",$870.69 ,207.234
270,2007-07-01,13409.599609,14021.950195,13199.790039,13211.990234,13211.990234,5512040000,1504.660034,1555.900024,1454.25,1455.27002,1455.27002,70337430000,5.26,"171,242","$1,063.94 ","87,759","$1,242.15 ","83,483",$876.60 ,207.60299999999998
271,2007-08-01,13211.089844,13695.820313,12517.94043,13357.740234,13357.740234,6199120000,1455.180054,1503.890015,1370.599976,1473.98999,1473.98999,91381760000,5.02,"158,476","$1,052.47 ","82,944","$1,238.44 ","75,532",$848.24 ,207.667
272,2007-09-01,13358.389648,13924.80957,13021.929688,13895.629883000001,13895.629883000001,4328370000,1473.959961,1538.73999,1439.290039,1526.75,1526.75,57809700000,4.94,"126,319",$993.76 ,"64,647","$1,161.98 ","61,672",$817.42 ,208.547
273,2007-10-01,13895.709961000002,14198.099609,13407.490234,13930.009766,13930.009766,5010920000,1527.290039,1576.089966,1489.560059,1549.380005,1549.380005,76022580000,4.76,"117,817",$974.89 ,"59,936","$1,142.08 ","57,881",$801.76 ,209.19
274,2007-11-01,13924.160156,13924.160156,12724.089844,13371.719727,13371.719727,5980230000,1545.790039,1545.790039,1406.099976,1481.140015,1481.140015,86246950000,4.49,"161,647","$1,035.00 ","83,598","$1,217.83 ","78,049",$839.17 ,210.834
275,2007-12-01,13368.219727,13780.110352000002,13092.0,13264.820313,13264.820313,4310320000,1479.630005,1523.569946,1435.650024,1468.359985,1468.359985,64821670000,4.24,"137,495","$1,077.55 ","72,387","$1,266.33 ","65,108",$867.66 ,211.445
276,2008-01-01,13261.820313,13279.540039,11634.820313,12650.360352,12650.360352,7459830000,1467.969971,1471.77002,1270.050049,1378.550049,1378.550049,98475340000,3.94,"337,888","$1,211.52 ","182,622","$1,401.04 ","155,266",$988.60 ,212.174
277,2008-02-01,12638.169922,12767.740234,12069.469727,12266.389648,12266.389648,5720360000,1378.599976,1396.02002,1316.75,1330.630005,1330.630005,78536130000,2.98,"196,971","$1,104.52 ","104,638","$1,291.42 ","92,333",$892.71 ,212.687
278,2008-03-01,12264.360352,12622.070313,11731.599609,12262.889648,12262.889648,6229020000,1330.449951,1359.680054,1256.97998,1322.699951,1322.699951,93189170000,2.61,"194,494","$1,080.95 ","102,860","$1,262.83 ","91,634",$876.79 ,213.44799999999998
279,2008-04-01,12266.639648,13010.0,12266.469727,12820.129883,12820.129883,5050840000,1326.410034,1404.569946,1324.349976,1385.589966,1385.589966,85978630000,2.28,"176,292","$1,083.13 ","94,197","$1,266.16 ","82,095",$873.12 ,213.942
280,2008-05-01,12818.339844,13136.69043,12442.589844,12638.320313,12638.320313,4530790000,1385.969971,1440.23999,1373.069946,1400.380005,1400.380005,80990480000,1.98,"170,169","$1,082.60 ","90,616","$1,267.05 ","79,553",$872.51 ,215.208
281,2008-06-01,12637.669922,12638.080078,11287.55957,11350.009766,11350.009766,5309950000,1399.619995,1404.050049,1272.0,1280.0,1280.0,96614040000,2.0,"184,105","$1,111.31 ","95,852","$1,292.49 ","88,253",$914.52 ,217.463
282,2008-07-01,11344.639648,11698.169922,10827.709961,11378.019531,11378.019531,5551580000,1276.689941,1292.170044,1200.439941,1267.380005,1267.380005,124980570000,2.01,"181,825","$1,124.24 ","94,714","$1,306.68 ","87,111",$925.88 ,219.016
283,2008-08-01,11379.889648,11867.110352,11221.530273,11543.959961,11543.959961,3578210000,1269.420044,1313.150024,1247.449951,1282.829956,1282.829956,86266010000,2.0,"187,179","$1,109.01 ","98,809","$1,293.19 ","88,370",$903.07 ,218.69
284,2008-09-01,11545.629883,11790.169922,10365.450195,10850.660156,10850.660156,6302330000,1287.829956,1303.040039,1106.420044,1166.359985,1166.359985,140007320000,1.81,"183,102","$1,102.76 ","96,618","$1,286.96 ","86,484",$896.99 ,218.877
285,2008-10-01,10847.400391,10882.519531,7882.509765999999,9325.009766,9325.009766,8311580000,1164.170044,1167.030029,839.7999880000001,968.75,968.75,159823030000,0.97,"187,710","$1,104.18 ","99,550","$1,286.93 ","88,160",$897.82 ,216.995
286,2008-11-01,9326.040039,9653.950195,7449.379883,8829.040039,8829.040039,6262880000,968.669983,1007.51001,741.02002,896.23999,896.23999,115660210000,0.39,"159,562","$1,024.03 ","82,383","$1,192.92 ","77,179",$843.75 ,213.153
287,2008-12-01,8826.889648,9026.410156,8118.5,8776.389648,8776.389648,5701870000,888.6099849999999,918.849976,815.6900019999999,903.25,903.25,112884470000,0.16,"129,542","$1,083.34 ","61,790","$1,256.16 ","67,752",$925.74 ,211.398
288,2009-01-01,8772.25,9088.05957,7909.029785,8000.859863,8000.859863,6261980000,902.98999,943.849976,804.299988,825.880005,825.880005,112090640000,0.15,"403,215","$1,275.38 ","214,424","$1,468.30 ","188,791","$1,056.26 ",211.933
289,2009-02-01,8000.620117,8315.070313,7033.620117,7062.930176000001,7062.930176000001,7134360000,823.090027,875.01001,734.52002,735.090027,735.090027,124492210000,0.22,"239,417","$1,174.29 ","127,819","$1,361.29 ","111,598",$960.11 ,212.705
290,2009-03-01,7056.47998,7931.330078,6469.950195,7608.919922,7608.919922,10561060000,729.570007,832.97998,666.789978,797.869995,797.869995,161843640000,0.18,"239,903","$1,162.60 ","128,100","$1,346.90 ","111,803",$951.44 ,212.495
291,2009-04-01,7606.129883,8307.509766,7483.870117,8168.120117,8168.120117,7795900000,793.590027,888.7000119999999,783.320007,872.8099980000001,872.8099980000001,138855320000,0.15,"216,688","$1,154.96 ","115,786","$1,340.19 ","100,902",$942.41 ,212.709
292,2009-05-01,8167.410156,8591.929688,8099.310059,8500.330078,8500.330078,6734390000,872.73999,930.169983,866.099976,919.1400150000001,919.1400150000001,131614940000,0.18,"210,909","$1,157.22 ","112,896","$1,340.04 ","98,013",$946.63 ,213.02200000000002
293,2009-06-01,8501.530273,8877.929688,8259.429688,8447.0,8447.0,5524080000,923.26001,956.2299800000001,888.8599849999999,919.320007,919.320007,112653150000,0.21,"218,924","$1,169.84 ","112,404","$1,351.41 ","106,520",$978.24 ,214.79
294,2009-07-01,8447.530273,9246.429688,8087.189941,9171.610352,9171.610352,4902340000,920.820007,996.679993,869.320007,987.4799800000001,987.4799800000001,106635790000,0.16,"221,294","$1,178.63 ","115,889","$1,361.27 ","105,405",$977.83 ,214.726
295,2009-08-01,9173.650391,9630.200195,9116.519531,9496.280273,9496.280273,4042210000,990.2199710000001,1039.469971,978.51001,1020.6199949999999,1020.6199949999999,116059270000,0.16,"219,597","$1,167.97 ","117,121","$1,352.13 ","102,476",$957.49 ,215.445
296,2009-09-01,9492.320313,9917.990234,9252.929688,9712.280273,9712.280273,4478480000,1019.5200199999999,1080.150024,991.9699710000001,1057.079956,1057.079956,112295490000,0.15,"201,989","$1,166.13 ","107,014","$1,352.58 ","94,975",$956.05 ,215.861
297,2009-10-01,9711.599609,10119.469727,9430.080078,9712.730469,9712.730469,5151150000,1054.910034,1101.359985,1019.9500119999999,1036.189941,1036.189941,113410990000,0.12,"198,766","$1,162.38 ","106,135","$1,341.41 ","92,631",$957.24 ,216.50900000000001
298,2009-11-01,9712.129883,10495.610352,9678.950195,10344.839844,10344.839844,3813550000,1036.180054,1113.689941,1029.380005,1095.630005,1095.630005,84981530000,0.12,"189,812","$1,154.77 ","101,403","$1,333.70 ","88,409",$949.54 ,217.234
299,2009-12-01,10343.820313,10580.330078,10235.629883,10428.049805,10428.049805,4174040000,1098.890015,1130.380005,1085.890015,1115.099976,1115.099976,89515330000,0.12,"180,403","$1,168.60 ","93,849","$1,339.93 ","86,554",$982.84 ,217.347
300,2010-01-01,10430.69043,10729.889648,10043.75,10067.330078,10067.330078,4424700000,1116.560059,1150.449951,1071.589966,1073.869995,1073.869995,90947580000,0.11,"372,743","$1,266.28 ","199,108","$1,450.96 ","173,635","$1,054.50 ",217.488
301,2010-02-01,10068.990234,10438.549805,9835.089844,10325.259766,10325.259766,4279660000,1073.890015,1112.420044,1044.5,1104.48999,1104.48999,84561340000,0.13,"221,820","$1,186.36 ","118,315","$1,366.42 ","103,505",$980.54 ,217.28099999999998
302,2010-03-01,10326.099609,10955.480469,10326.099609,10856.629883,10856.629883,4388530000,1105.359985,1180.689941,1105.359985,1169.430054,1169.430054,103683550000,0.16,"218,725","$1,171.49 ","116,258","$1,348.57 ","102,467",$970.56 ,217.35299999999998
303,2010-04-01,10857.30957,11258.009766,10844.089844,11008.610352,11008.610352,4237550000,1171.22998,1219.800049,1170.689941,1186.689941,1186.689941,116741910000,0.2,"208,191","$1,167.69 ","110,236","$1,347.80 ","97,955",$965.00 ,217.403
304,2010-05-01,11009.599609,11177.669922,9774.480469,10136.629883,10136.629883,5605690000,1188.579956,1205.130005,1040.780029,1089.410034,1089.410034,127662780000,0.2,"198,445","$1,169.63 ","105,686","$1,346.38 ","92,759",$968.24 ,217.29
305,2010-06-01,10133.94043,10594.160156,9753.839844,9774.019531,9774.019531,4941680000,1087.300049,1131.22998,1028.329956,1030.709961,1030.709961,110106750000,0.18,"207,671","$1,189.48 ","106,138","$1,360.84 ","101,533","$1,010.34 ",217.199
306,2010-07-01,9773.269531,10584.990234,9614.320313,10465.94043,10465.94043,4243320000,1031.099976,1120.949951,1010.909973,1101.599976,1101.599976,94778110000,0.18,"217,174","$1,208.53 ","111,663","$1,383.83 ","105,511","$1,023.02 ",217.605
307,2010-08-01,10468.820313,10719.94043,9936.620117,10014.719727,10014.719727,4117550000,1107.530029,1129.23999,1039.699951,1049.329956,1049.329956,85738250000,0.19,"215,496","$1,182.56 ","112,905","$1,361.89 ","102,591",$985.21 ,217.923
308,2010-09-01,10016.009766,10948.879883,10016.009766,10788.049805,10788.049805,3764970000,1049.719971,1157.160034,1049.719971,1141.199951,1141.199951,79589450000,0.19,"198,777","$1,181.96 ","103,934","$1,362.02 ","94,843",$984.64 ,218.275
309,2010-10-01,10789.719727,11247.599609,10711.120117,11118.490234,11118.490234,3787250000,1143.48999,1196.140015,1131.869995,1183.26001,1183.26001,89536270000,0.19,"201,338","$1,176.28 ","105,914","$1,352.68 ","95,424",$980.48 ,219.035
310,2010-11-01,11120.299805,11451.530273,10929.280273,11006.019531,11006.019531,3808130000,1185.709961,1227.079956,1173.0,1180.550049,1180.550049,87151070000,0.19,"198,882","$1,166.64 ","105,557","$1,337.46 ","93,325",$973.43 ,219.59
311,2010-12-01,11007.230469,11625.0,11007.230469,11577.509766,11577.509766,3252900000,1186.599976,1262.599976,1186.599976,1257.640015,1257.640015,80984530000,0.18,"176,068","$1,189.77 ","91,269","$1,357.36 ","84,799","$1,009.39 ",220.472
312,2011-01-01,11577.429688,12020.519531,11573.870117,11891.929688,11891.929688,3681720000,1257.619995,1302.670044,1257.619995,1286.119995,1286.119995,92164940000,0.17,"369,443","$1,272.95 ","194,603","$1,453.58 ","174,840","$1,071.90 ",221.187
313,2011-02-01,11892.5,12391.290039,11892.5,12226.339844,12226.339844,3220480000,1289.140015,1344.069946,1289.140015,1327.219971,1327.219971,59223660000,0.16,"218,828","$1,185.28 ","115,516","$1,360.33 ","103,312",$989.55 ,221.898
314,2011-03-01,12226.490234,12383.459961,11555.480469,12319.730469,12319.730469,3851830000,1328.640015,1332.280029,1249.050049,1325.829956,1325.829956,89507640000,0.14,"213,152","$1,180.85 ","112,390","$1,353.20 ","100,762",$988.61 ,223.046
315,2011-04-01,12321.019531,12832.830078,12093.889648,12810.540039,12810.540039,3321090000,1329.47998,1364.560059,1294.699951,1363.609985,1363.609985,77364810000,0.1,"208,159","$1,173.60 ","109,196","$1,348.51 ","98,963",$980.60 ,224.093
316,2011-05-01,12810.160156,12876.0,12309.519531,12569.790039,12569.790039,3578020000,1365.209961,1370.579956,1311.800049,1345.199951,1345.199951,81708980000,0.09,"196,140","$1,182.25 ","103,633","$1,353.87 ","92,507",$989.99 ,224.80599999999998
317,2011-06-01,12569.410156,12569.490234,11862.530273,12414.339844,12414.339844,3876460000,1345.199951,1345.199951,1258.069946,1320.640015,1320.640015,86122730000,0.09,"203,885","$1,196.17 ","102,601","$1,362.44 ","101,284","$1,027.74 ",224.80599999999998
318,2011-07-01,12414.339844,12753.889648,12083.450195,12143.240234,12143.240234,3092480000,1320.640015,1356.47998,1282.859985,1292.280029,1292.280029,81102170000,0.07,"216,758","$1,204.72 ","109,711","$1,376.68 ","107,047","$1,028.48 ",225.395
319,2011-08-01,12144.219727,12282.419922,10604.070313,11613.530273,11613.530273,6203230000,1292.589966,1307.380005,1101.540039,1218.890015,1218.890015,108419170000,0.1,"210,561","$1,187.95 ","108,471","$1,363.60 ","102,090","$1,001.33 ",226.106
320,2011-09-01,11613.299805,11716.839844,10597.139648,10913.379883,10913.379883,4396520000,1219.119995,1229.290039,1114.219971,1131.420044,1131.420044,102786820000,0.08,"198,391","$1,187.99 ","102,307","$1,365.20 ","96,084",$999.31 ,226.597
321,2011-10-01,10912.099609,12284.30957,10404.490234,11955.009766,11955.009766,3907730000,1131.209961,1292.660034,1074.77002,1253.300049,1253.300049,98063670000,0.07,"197,637","$1,182.39 ","102,801","$1,355.69 ","94,836",$994.53 ,226.75
322,2011-11-01,11951.530273,12187.509766,11231.429688,12045.679688,12045.679688,3263110000,1251.0,1277.550049,1158.660034,1246.959961,1246.959961,84275050000,0.08,"192,873","$1,165.26 ","100,773","$1,331.49 ","92,100",$983.37 ,227.169
323,2011-12-01,12046.209961,12328.469727,11735.19043,12217.55957,12217.55957,3071480000,1246.910034,1269.369995,1202.369995,1257.599976,1257.599976,74742430000,0.07,"172,240","$1,231.96 ","88,678","$1,407.89 ","83,562","$1,045.26 ",227.22299999999998
324,2012-01-01,12221.19043,12841.950195,12221.19043,12632.910156,12632.910156,2981080000,1258.859985,1333.469971,1258.859985,1312.410034,1312.410034,79567560000,0.08,"363,402","$1,326.17 ","188,031","$1,511.84 ","175,371","$1,127.11 ",227.842
325,2012-02-01,12632.759766,13055.75,12632.759766,12952.070313,12952.070313,2712170000,1312.449951,1378.040039,1312.449951,1365.680054,1365.680054,78385710000,0.1,"220,952","$1,236.78 ","114,863","$1,417.46 ","106,089","$1,041.16 ",228.329
326,2012-03-01,12952.290039,13289.080078,12734.860352,13212.040039,13212.040039,3203390000,1365.900024,1419.150024,1340.030029,1408.469971,1408.469971,83899660000,0.13,"213,375","$1,233.67 ","111,410","$1,412.22 ","101,965","$1,038.58 ",228.80700000000002
327,2012-04-01,13211.360352,13297.110352,12710.55957,13213.629883,13213.629883,2574900000,1408.469971,1422.380005,1357.380005,1397.910034,1397.910034,74761710000,0.14,"207,998","$1,232.00 ","108,283","$1,412.84 ","99,715","$1,035.63 ",229.187
328,2012-05-01,13214.160156,13338.660156,12311.55957,12393.450195,12393.450195,3050000000,1397.859985,1415.319946,1291.97998,1310.329956,1310.329956,86920490000,0.16,"194,571","$1,243.65 ","101,732","$1,425.06 ","92,839","$1,044.87 ",228.713
329,2012-06-01,12391.55957,12898.94043,12035.089844,12880.089844,12880.089844,2923670000,1309.869995,1363.459961,1266.73999,1362.160034,1362.160034,81582440000,0.16,"219,157","$1,253.17 ","110,130","$1,428.67 ","109,027","$1,075.91 ",228.524
330,2012-07-01,12879.709961,13128.639648,12492.25,13008.679688,13008.679688,2578110000,1362.329956,1391.73999,1325.410034,1379.319946,1379.319946,73103810000,0.16,"230,845","$1,267.84 ","117,637","$1,450.15 ","113,208","$1,078.40 ",228.59
331,2012-08-01,13007.469727,13330.759766,12778.900391,13090.839844,13090.839844,2267280000,1379.319946,1426.680054,1354.650024,1406.579956,1406.579956,70283810000,0.13,"219,631","$1,264.05 ","113,749","$1,448.12 ","105,882","$1,066.30 ",229.918
332,2012-09-01,13092.150391,13653.240234,12977.089844,13437.129883000001,13437.129883000001,2701270000,1406.540039,1474.51001,1396.560059,1440.670044,1440.670044,69784280000,0.14,"228,014","$1,270.17 ","118,467","$1,455.81 ","109,547","$1,069.41 ",231.015
333,2012-10-01,13437.660156,13661.870116999999,13017.370117,13096.459961,13096.459961,2472600000,1440.900024,1470.959961,1403.280029,1412.160034,1412.160034,71752320000,0.16,"217,116","$1,271.63 ","113,881","$1,455.79 ","103,235","$1,068.49 ",231.638
334,2012-11-01,13099.19043,13290.75,12471.490234,13025.580078,13025.580078,2683930000,1412.199951,1434.27002,1343.349976,1416.180054,1416.180054,71489310000,0.16,"207,373","$1,267.52 ","108,644","$1,450.05 ","98,729","$1,066.65 ",231.24900000000002
335,2012-12-01,13027.730469,13365.860352,12883.889648,13104.139648,13104.139648,2666750000,1416.339966,1448.0,1398.109985,1426.189941,1426.189941,66388180000,0.16,"221,676","$1,309.58 ","116,669","$1,489.56 ","105,007","$1,109.60 ",231.22099999999998
336,2013-01-01,13104.299805,13969.990234,13104.299805,13860.580078,13860.580078,2786680000,1426.189941,1509.939941,1426.189941,1498.109985,1498.109985,75848510000,0.14,"397,293","$1,380.96 ","209,582","$1,566.48 ","187,711","$1,173.83 ",231.679
337,2013-02-01,13860.580078,14149.150391,13784.009766,14054.490234,14054.490234,2487580000,1498.109985,1530.939941,1485.01001,1514.680054,1514.680054,69273480000,0.15,"239,112","$1,302.67 ","125,499","$1,484.17 ","113,613","$1,102.18 ",232.937
338,2013-03-01,14054.490234,14585.099609,13937.599609,14578.540038999998,14578.540038999998,2546320000,1514.680054,1570.280029,1501.47998,1569.189941,1569.189941,68527110000,0.14,"235,148","$1,299.28 ","123,599","$1,481.48 ","111,549","$1,097.38 ",232.282
339,2013-04-01,14578.540038999998,14887.509766,14434.429688,14839.799805,14839.799805,2920230000,1569.180054,1597.569946,1536.030029,1597.569946,1597.569946,77098000000,0.15,"228,792","$1,289.42 ","119,688","$1,472.17 ","109,104","$1,088.95 ",231.797
340,2013-05-01,14839.799805,15542.400391,14687.049805,15115.570313,15115.570313,2771510000,1597.550049,1687.180054,1581.280029,1630.73999,1630.73999,76447250000,0.11,"213,303","$1,295.83 ","111,027","$1,474.93 ","102,276","$1,101.41 ",231.893
341,2013-06-01,15123.549805,15340.089844,14551.269531,14909.599609,14909.599609,2929040000,1631.709961,1654.189941,1560.329956,1606.280029,1606.280029,74946790000,0.09,"234,515","$1,308.18 ","115,788","$1,479.26 ","118,727","$1,141.34 ",232.445
342,2013-07-01,14911.599609,15634.320313,14858.929688,15499.540038999998,15499.540038999998,2623130000,1609.780029,1698.780029,1604.569946,1685.72998,1685.72998,68106820000,0.09,"229,149","$1,314.04 ","116,227","$1,494.57 ","112,922","$1,128.22 ",232.9
343,2013-08-01,15503.849609,15658.429688,14760.410156,14810.30957,14810.30957,2327660000,1689.4200440000002,1709.6700440000002,1627.469971,1632.969971,1632.969971,64802810000,0.08,"220,540","$1,300.38 ","113,456","$1,482.59 ","107,084","$1,107.33 ",233.456
344,2013-09-01,14801.549805,15709.580078,14777.480469,15129.669922,15129.669922,2371540000,1635.949951,1729.859985,1633.410034,1681.550049,1681.550049,66174410000,0.08,"217,792","$1,299.57 ","112,362","$1,483.05 ","105,430","$1,104.02 ",233.544
345,2013-10-01,15132.490234,15721.0,14719.429688,15545.75,15545.75,2206620000,1682.410034,1775.219971,1646.469971,1756.540039,1756.540039,76647400000,0.09,"195,661","$1,294.33 ","101,020","$1,477.06 ","94,641","$1,099.28 ",233.669
346,2013-11-01,15558.009766,16174.509766,15522.179688,16086.410156,16086.410156,1820260000,1758.699951,1813.550049,1746.199951,1805.810059,1805.810059,63628190000,0.08,"204,368","$1,282.39 ","106,539","$1,457.80 ","97,829","$1,091.36 ",234.1
347,2013-12-01,16087.120116999999,16588.25,15703.790038999998,16576.660156,16576.660156,2057160000,1806.550049,1849.439941,1767.9899899999998,1848.359985,1848.359985,64958820000,0.09,"188,826","$1,320.58 ","97,903","$1,496.76 ","90,923","$1,130.87 ",234.71900000000002
348,2014-01-01,16572.169922,16573.070313,15617.549805,15698.849609,15698.849609,2177040000,1845.859985,1850.839966,1770.449951,1782.589966,1782.589966,75871910000,0.07,"354,237","$1,405.55 ","184,804","$1,587.50 ","169,433","$1,207.09 ",235.347
349,2014-02-01,15697.69043,16398.949219,15340.69043,16321.709961000002,16321.709961000002,2067820000,1782.680054,1867.9200440000002,1737.9200440000002,1859.449951,1859.449951,69725590000,0.07,"228,474","$1,333.98 ","119,848","$1,513.21 ","108,626","$1,136.23 ",235.52200000000002
350,2014-03-01,16321.709961000002,16505.699219,16046.990234,16457.660156,16457.660156,2095940000,1857.680054,1883.969971,1834.439941,1872.339966,1872.339966,71885030000,0.08,"234,620","$1,323.91 ","122,602","$1,506.24 ","112,018","$1,124.35 ",235.956
351,2014-04-01,16458.050781,16631.630859,16015.320313,16580.839844,16580.839844,1986960000,1873.959961,1897.280029,1814.359985,1883.949951,1883.949951,71595810000,0.09,"235,658","$1,312.66 ","122,677","$1,493.26 ","112,981","$1,116.57 ",236.463
352,2014-05-01,16580.259766,16735.509766,16341.299805,16717.169922,16717.169922,1643160000,1884.390015,1924.030029,1859.790039,1923.569946,1923.569946,63623630000,0.09,"215,145","$1,321.13 ","111,703","$1,499.14 ","103,442","$1,128.92 ",236.86700000000002
353,2014-06-01,16716.849609,16978.019531,16673.650391,16826.599609,16826.599609,1755480000,1923.869995,1968.1700440000002,1915.97998,1960.22998,1960.22998,63283380000,0.1,"223,201","$1,325.98 ","113,096","$1,497.44 ","110,105","$1,149.87 ",237.188
354,2014-07-01,16828.529297,17151.560547,16563.300781,16563.300781,16563.300781,1690880000,1962.290039,1991.390015,1930.6700440000002,1930.6700440000002,1930.6700440000002,66524690000,0.09,"227,843","$1,338.16 ","115,542","$1,511.73 ","112,301","$1,159.58 ",237.485
355,2014-08-01,16561.699219,17153.800781,16333.780272999998,17098.449219,17098.449219,1482600000,1929.800049,2005.040039,1904.780029,2003.369995,2003.369995,58131140000,0.09,"226,388","$1,329.72 ","116,544","$1,507.21 ","109,844","$1,141.40 ",237.43900000000002
356,2014-09-01,17097.419922,17350.640625,16934.429688,17042.900391,17042.900391,1870550000,2004.069946,2019.2600100000002,1964.040039,1972.290039,1972.290039,66706000000,0.09,"231,673","$1,323.13 ","119,095","$1,503.89 ","112,578","$1,131.91 ",237.452
357,2014-10-01,17040.460938,17395.539063,15855.120116999999,17390.519531,17390.519531,2903240000,1971.439941,2018.189941,1820.660034,2018.050049,2018.050049,93714040000,0.09,"211,727","$1,322.24 ","109,744","$1,504.27 ","101,983","$1,126.36 ",237.447
358,2014-11-01,17390.900391,17894.830078,17278.359375,17828.240234,17828.240234,1516490000,2018.209961,2075.76001,2001.0100100000002,2067.560059,2067.560059,63600190000,0.09,"195,336","$1,320.00 ","100,805","$1,500.54 ","94,531","$1,127.47 ",237.042
359,2014-12-01,17827.269531,18103.449219,17067.589844,17823.070313,17823.070313,2216900000,2065.780029,2093.550049,1972.560059,2058.899902,2058.899902,80743820000,0.12,"196,920","$1,367.58 ","101,201","$1,554.13 ","95,719","$1,170.35 ",236.27
360,2015-01-01,17823.070313,17951.779297,17136.300781,17164.949219,17164.949219,2173260000,2058.899902,2072.360107,1988.119995,1994.9899899999998,1994.9899899999998,77330040000,0.11,"363,494","$1,429.70 ","188,115","$1,613.52 ","175,379","$1,232.54 ",234.83599999999998
361,2015-02-01,17169.990234,18244.380859,17037.759766,18132.699219,18132.699219,1751250000,1996.6700440000002,2119.590088,1980.9000239999998,2104.5,2104.5,68775560000,0.11,"232,278","$1,363.53 ","120,364","$1,548.90 ","111,914","$1,164.17 ",235.274
362,2015-03-01,18134.050781,18288.630859,17579.269531,17776.119141,17776.119141,2470480000,2105.22998,2117.52002,2039.689941,2067.889893,2067.889893,76675850000,0.11,"237,913","$1,365.92 ","124,461","$1,551.68 ","113,452","$1,162.13 ",235.956
363,2015-04-01,17778.519531,18175.560547,17585.009766,17840.519531,17840.519531,2174880000,2067.6298829999996,2125.919922,2048.3798829999996,2085.51001,2085.51001,72060940000,0.12,"239,895","$1,357.39 ","126,107","$1,541.41 ","113,788","$1,153.45 ",236.165
364,2015-05-01,17859.269531,18351.359375,17733.119141,18010.679688,18010.679688,1832450000,2087.3798829999996,2134.719971,2067.929932,2107.389893,2107.389893,65187730000,0.12,"222,543","$1,361.04 ","116,674","$1,540.32 ","105,869","$1,163.46 ",236.952
365,2015-06-01,18017.820313,18188.810547,17576.5,17619.509766,17619.509766,2219240000,2108.639893,2129.8701170000004,2056.320068,2063.110107,2063.110107,73213980000,0.13,"228,513","$1,365.50 ","116,214","$1,542.17 ","112,299","$1,182.67 ",237.618
366,2015-07-01,17638.119141,18137.119141,17399.169922,17689.859375,17689.859375,2034220000,2067.0,2132.820068,2044.02002,2103.840088,2103.840088,77920590000,0.13,"238,543","$1,374.83 ","122,213","$1,554.42 ","116,330","$1,186.16 ",237.993
367,2015-08-01,17696.740234,17704.759766,15370.330078,16528.029297,16528.029297,2726340000,2104.48999,2112.659912,1867.0100100000002,1972.180054,1972.180054,84626790000,0.14,"240,394","$1,361.91 ","124,521","$1,544.50 ","115,873","$1,165.70 ",237.989
368,2015-09-01,16528.029297,16933.429688,15942.370116999999,16284.700195,16284.700195,2724080000,1970.089966,2020.859985,1871.910034,1920.030029,1920.030029,79989370000,0.14,"222,483","$1,358.41 ","115,889","$1,540.03 ","106,594","$1,160.95 ",237.467
369,2015-10-01,16278.620116999999,17799.960938,16013.660156,17663.539063,17663.539063,2605470000,1919.6500239999998,2094.320068,1893.699951,2079.360107,2079.360107,85844900000,0.12,"218,274","$1,356.72 ","114,114","$1,538.75 ","104,160","$1,157.30 ",237.764
370,2015-11-01,17672.619141,17977.849609,17210.429688,17719.919922,17719.919922,2334610000,2080.76001,2116.47998,2019.390015,2080.409912,2080.409912,75943590000,0.12,"200,220","$1,363.23 ","104,712","$1,547.03 ","95,508","$1,161.71 ",238.072
371,2015-12-01,17719.720703,17901.580078,17116.730469,17425.029297,17425.029297,2521440000,2082.929932,2104.27002,1993.2600100000002,2043.939941,2043.939941,83649260000,0.24,"204,067","$1,396.01 ","107,071","$1,585.29 ","96,996","$1,187.08 ",237.827
372,2016-01-01,17405.480469,17405.480469,15450.55957,16466.300781,16466.300781,2844080000,2038.199951,2038.199951,1812.290039,1940.2399899999998,1940.2399899999998,92409770000,0.34,"369,797","$1,448.23 ","196,025","$1,631.17 ","173,772","$1,241.86 ",237.99
373,2016-02-01,16453.630859,16795.980469,15503.009766,16516.5,16516.5,2491810000,1936.939941,1962.959961,1810.0999760000002,1932.22998,1932.22998,93049560000,0.38,"242,791","$1,402.63 ","129,500","$1,595.86 ","113,291","$1,181.76 ",237.532
374,2016-03-01,16545.669922,17790.109375,16545.669922,17685.089844,17685.089844,2407750000,1937.089966,2072.209961,1937.089966,2059.73999,2059.73999,92639420000,0.36,"229,243","$1,418.84 ","122,525","$1,617.30 ","106,718","$1,190.99 ",238.02200000000002
375,2016-04-01,17661.740234,18167.630859,17484.230469,17773.640625,17773.640625,2096650000,2056.6201170000004,2111.050049,2033.800049,2065.300049,2065.300049,81124990000,0.37,"258,968","$1,433.67 ","140,118","$1,642.77 ","118,850","$1,187.16 ",238.843
376,2016-05-01,17783.779297,17934.609375,17331.070313,17787.199219,17787.199219,1879010000,2067.169922,2103.47998,2025.910034,2096.949951,2096.949951,78883600000,0.37,"241,283","$1,420.67 ","127,921","$1,618.09 ","113,362","$1,197.89 ",239.43900000000002
377,2016-06-01,17754.550781,18016.0,17063.080078,17929.990234,17929.990234,2350020000,2093.939941,2120.550049,1991.680054,2098.860107,2098.860107,86852700000,0.38,"231,452","$1,389.24 ","117,611","$1,566.01 ","113,841","$1,206.61 ",240.074
378,2016-07-01,17924.240234,18622.009766,17713.449219,18432.240234,18432.240234,1816520000,2099.340088,2177.090088,2074.02002,2173.600098,2173.600098,69530250000,0.39,"245,055","$1,393.22 ","124,143","$1,569.04 ","120,912","$1,212.70 ",240.058
379,2016-08-01,18434.5,18722.609375,18247.789063,18400.880859,18400.880859,1695750000,2173.149902,2193.810059,2147.580078,2170.949951,2170.949951,75610310000,0.4,"239,232","$1,380.63 ","123,727","$1,548.61 ","115,505","$1,200.69 ",240.56900000000002
380,2016-09-01,18396.570313,18551.539063,17992.210938,18308.150391,18308.150391,2101120000,2171.330078,2187.8701170000004,2119.1201170000004,2168.27002,2168.27002,77270240000,0.4,"227,745","$1,377.63 ","117,220","$1,546.24 ","110,525","$1,198.79 ",241.017
381,2016-10-01,18279.599609,18399.960938,17959.949219,18142.419922,18142.419922,1793690000,2164.330078,2169.600098,2114.719971,2126.149902,2126.149902,73196630000,0.4,"226,261","$1,376.79 ","116,608","$1,544.53 ","109,653","$1,198.41 ",241.667
382,2016-11-01,18158.240234,19225.289063,17883.560547,19123.580078,19123.580078,2107770000,2128.679932,2214.100098,2083.790039,2198.810059,2198.810059,88299760000,0.41,"198,962","$1,378.92 ","101,664","$1,545.73 ","97,298","$1,204.62 ",242.081
383,2016-12-01,19149.199219,19987.630859,19138.789063,19762.599609,19762.599609,5952470000,2200.169922,2277.530029,2187.439941,2238.830078,2238.830078,75251240000,0.54,"210,323","$1,406.58 ","107,691","$1,571.20 ","102,632","$1,233.84 ",242.78400000000002
384,2017-01-01,19872.859375,20125.580078,19677.939453,19864.089844,19864.089844,6482450000,2251.570068,2300.98999,2245.1298829999996,2278.8701170000004,2278.8701170000004,70483180000,0.65,"393,787","$1,472.80 ","205,718","$1,644.86 ","188,069","$1,284.59 ",244.028
385,2017-02-01,19923.810547,20851.330078,19831.089844,20812.240234,20812.240234,6185580000,2285.590088,2371.540039,2271.649902,2363.639893,2363.639893,69162420000,0.66,"243,212","$1,425.63 ","125,942","$1,597.92 ","117,270","$1,240.60 ",244.102
386,2017-03-01,20957.289063,21169.109375,20412.800781,20663.220703,20663.220703,6941970000,2380.1298829999996,2400.97998,2322.25,2362.719971,2362.719971,81547770000,0.79,"244,357","$1,423.15 ","126,870","$1,595.23 ","117,487","$1,237.33 ",243.717
387,2017-04-01,20665.169922,21070.900391,20379.550781,20940.509766,20940.509766,5392630000,2362.340088,2398.159912,2328.949951,2384.199951,2384.199951,65265670000,0.9,"241,454","$1,415.75 ","125,562","$1,587.66 ","115,892","$1,229.50 ",244.08700000000002
388,2017-05-01,20962.730469,21112.320313,20553.449219,21008.650391,21008.650391,6613570000,2388.5,2418.709961,2352.719971,2411.800049,2411.800049,79607170000,0.91,"235,437","$1,419.53 ","121,147","$1,591.16 ","114,290","$1,237.60 ",243.91099999999997
389,2017-06-01,21030.550781,21535.029297,20994.220703,21349.630859,21349.630859,7214590000,2415.649902,2453.820068,2405.699951,2423.409912,2423.409912,81002490000,1.04,"240,982","$1,417.98 ","122,698","$1,587.58 ","118,284","$1,242.05 ",244.032
390,2017-07-01,21392.300781,21929.800781,21279.300781,21891.119141,21891.119141,5569720000,2431.389893,2484.040039,2407.699951,2470.300049,2470.300049,63169400000,1.15,"253,249","$1,431.66 ","128,789","$1,605.21 ","124,460","$1,252.07 ",244.236
391,2017-08-01,21961.419922,22179.109375,21600.339844,21948.099609,21948.099609,6150060000,2477.100098,2490.8701170000004,2417.350098,2471.649902,2471.649902,70616030000,1.16,"243,199","$1,418.47 ","124,506","$1,592.88 ","118,693","$1,235.53 ",245.262
392,2017-09-01,21981.769531,22419.509766,21709.630859,22405.089844,22405.089844,6342130000,2474.419922,2519.439941,2446.550049,2519.360107,2519.360107,66337980000,1.15,"237,474","$1,416.71 ","121,175","$1,591.78 ","116,299","$1,234.30 ",246.392
393,2017-10-01,22423.470703,23485.25,22416.0,23377.240234,23377.240234,7302910000,2521.199951,2582.97998,2520.399902,2575.26001,2575.26001,70871570000,1.15,"237,325","$1,415.15 ","121,867","$1,587.00 ","115,458","$1,233.76 ",246.583
394,2017-11-01,23442.900391,24327.820313,23242.75,24272.349609,24272.349609,7335640000,2583.209961,2657.73999,2557.449951,2584.840088,2584.840088,95142800000,1.16,"200,221","$1,413.88 ","102,257","$1,585.22 ","97,964","$1,235.04 ",247.41099999999997
395,2017-12-01,24305.400391,24876.070313,23921.900391,24719.220703,24719.220703,6589890000,2645.100098,2694.969971,2605.52002,2673.610107,2673.610107,65251190000,1.3,"213,717","$1,460.04 ","109,593","$1,632.53 ","104,124","$1,278.49 ",247.91
396,2018-01-01,24809.349609,26616.710938,24741.699219,26149.390625,26149.390625,9116920000,2683.72998,2872.8701170000004,2682.360107,2823.810059,2823.810059,76860120000,1.41,"394,887","$1,533.93 ","207,254","$1,712.31 ","187,633","$1,336.90 ",249.245
397,2018-02-01,26083.039063,26306.699219,23360.289063,25029.199219,25029.199219,9450250000,2816.449951,2835.959961,2532.689941,2713.830078,2713.830078,79579410000,1.42,"242,823","$1,477.16 ","126,257","$1,657.24 ","116,566","$1,282.11 ",249.61900000000003
398,2018-03-01,25024.039063,25449.150391,23509.060547,24103.109375,24103.109375,8873040000,2715.219971,2801.899902,2585.889893,2640.8701170000004,2640.8701170000004,76369800000,1.51,"273,194","$1,475.04 ","142,049","$1,650.53 ","131,145","$1,284.96 ",249.46200000000002
399,2018-04-01,24076.599609,24858.970703,23344.519531,24163.150391,24163.150391,8064550000,2633.449951,2717.48999,2553.800049,2648.050049,2648.050049,69648590000,1.69,"252,684","$1,464.07 ","130,760","$1,639.38 ","121,924","$1,276.06 ",250.013
400,2018-05-01,24117.289063,25086.490234,23531.310547,24415.839844,24415.839844,7278020000,2642.959961,2742.23999,2594.6201170000004,2705.27002,2705.27002,75617280000,1.7,"234,945","$1,466.28 ","120,307","$1,639.48 ","114,638","$1,284.52 ",250.535
401,2018-06-01,24542.089844,25402.830078,23997.210938,24271.410156,24271.410156,7411110000,2718.699951,2791.469971,2691.98999,2718.3701170000004,2718.3701170000004,77439710000,1.82,"247,879","$1,470.42 ","125,919","$1,647.45 ","121,960","$1,287.65 ",250.857
402,2018-07-01,24161.529297,25587.240234,24077.560547,25415.189453,25415.189453,5408500000,2704.949951,2848.030029,2698.949951,2816.290039,2816.290039,64542170000,1.91,"266,085","$1,480.12 ","135,015","$1,656.69 ","131,070","$1,298.24 ",251.28599999999997
403,2018-08-01,25461.630859,26167.939453,24965.769531,25964.820313,25964.820313,5635410000,2821.169922,2916.5,2796.340088,2901.52002,2901.52002,69238220000,1.91,"254,511","$1,466.88 ","129,690","$1,643.21 ","124,821","$1,283.66 ",251.84599999999998
404,2018-09-01,25916.070313,26769.160156,25754.320313,26458.310547,26458.310547,5262500000,2896.959961,2940.909912,2864.1201170000004,2913.97998,2913.97998,62492080000,1.95,"255,350","$1,456.39 ","129,710","$1,632.75 ","125,640","$1,274.32 ",251.99400000000003
